Div,Date,HomeTeam,AwayTeam,FTHG,FTAG,FTR,HTHG,HTAG,HTR,B365H,B365D,B365A,BWH,BWD,BWA,GBH,GBD,GBA,IWH,IWD,IWA,LBH,LBD,LBA,SBH,SBD,SBA,WHH,WHD,WHA,GB>2.5,GB<2.5,B365>2.5,B365<2.5,GBAHH,GBAHA,GBAH,LBAHH,LBAHA,LBAH,B365AHH,B365AHA,B365AH,Unnamed: 44,Unnamed: 45,Unnamed: 46,Unnamed: 47,Unnamed: 48
I1,2004-09-11,Chievo,Inter,2,2,D,2,1,H,4.5,3.2,1.727,5.35,3.25,1.65,5.0,3.2,1.7,4.2,3.1,1.75,4.5,3.25,1.667,5.0,3.1,1.72,4.5,3.2,1.7,1.79,1.9,1.95,1.85,2.0,1.8,0.75,1.94,1.9,0.75,1.95,1.95,0.75,,,,,
I1,2004-09-11,Milan,Livorno,2,2,D,1,1,D,1.167,6.5,15.0,1.15,6.0,13.0,1.15,6.0,15.0,1.15,6.0,12.0,1.167,5.5,12.0,1.16,6.0,13.0,1.16,5.5,12.0,1.6,2.15,1.61,2.25,1.8,2.0,-1.75,1.86,1.98,-1.75,1.85,2.05,-1.75,,,,,
I1,2004-09-12,Atalanta,Lecce,2,2,D,1,1,D,2.0,3.0,3.5,2.0,3.1,3.6,2.1,2.9,3.6,1.9,3.0,3.6,2.1,2.75,3.5,2.05,3.0,3.6,2.05,2.9,3.4,2.0,1.71,2.05,1.75,2.1,1.61,-0.5,2.02,1.82,-0.5,2.1,1.8,-0.5,,,,,
I1,2004-09-12,Brescia,Juventus,0,3,A,0,2,A,4.0,3.1,1.833,4.5,3.1,1.8,4.1,3.25,1.8,3.8,3.0,1.85,4.0,3.0,1.833,4.0,3.2,1.85,4.0,3.0,1.83,1.85,1.85,1.85,1.95,1.81,1.8,0.5,2.04,1.8,0.5,2.1,1.8,0.5,,,,,
I1,2004-09-12,Cagliari,Bologna,1,0,H,1,0,H,2.375,2.875,2.875,2.3,2.9,3.1,2.25,2.9,3.15,2.2,2.9,3.0,2.25,2.875,3.0,2.3,2.9,3.1,2.3,2.9,2.9,1.95,1.75,2.0,1.8,2.05,1.77,-0.25,2.06,1.78,-0.25,2.125,1.775,-0.25,,,,,
I1,2004-09-12,Palermo,Siena,1,0,H,1,0,H,1.727,3.2,4.5,1.66,3.15,5.5,1.7,3.1,5.2,1.8,3.0,4.0,1.727,3.2,4.333,1.8,3.1,4.5,1.72,3.1,4.5,1.85,1.85,2.0,1.8,1.95,1.85,-0.75,1.96,1.88,-0.75,2.05,1.85,-0.75,,,,,
I1,2004-09-12,Parma,Messina,0,0,D,0,0,D,1.533,3.4,6.0,1.55,3.25,6.5,1.55,3.4,6.1,1.55,3.4,5.0,1.444,3.5,7.0,1.5,3.4,7.0,1.5,3.4,6.0,1.75,1.95,1.8,2.0,1.8,2.0,-0.75,1.8,2.04,-0.75,1.85,2.05,-0.75,,,,,
I1,2004-09-12,Reggina,Udinese,0,0,D,0,0,D,2.6,2.875,2.6,2.7,2.9,2.55,2.75,2.8,2.63,2.6,2.8,2.6,2.5,2.875,2.625,2.7,2.87,2.6,2.6,2.8,2.6,2.0,1.71,2.1,1.7,1.39,2.63,0.5,1.96,1.88,0.0,1.95,1.95,0.0,,,,,
I1,2004-09-12,Roma,Fiorentina,1,0,H,0,0,D,1.571,3.4,5.5,1.55,3.5,5.75,1.62,3.3,5.5,1.45,3.6,5.8,1.615,3.25,5.0,1.61,3.3,5.5,1.57,3.5,5.0,1.71,2.0,1.85,1.95,1.9,1.9,-0.75,1.96,1.88,-0.75,1.9,2.0,-0.75,,,,,
I1,2004-09-12,Sampdoria,Lazio,0,1,A,0,1,A,2.1,3.0,3.75,2.0,3.05,3.5,2.05,3.0,3.6,2.0,2.9,3.4,2.0,3.0,3.4,2.05,3.1,3.4,2.1,3.0,3.2,1.85,1.85,2.0,1.8,2.05,1.64,-0.5,2.04,1.8,-0.5,2.05,1.85,-0.5,,,,,
I1,2004-09-18,Inter,Palermo,1,1,D,0,0,D,1.36,4.33,9.0,1.35,4.0,8.0,1.36,4.1,8.5,1.35,4.0,7.0,1.36,3.75,8.0,1.33,4.33,8.5,1.4,3.4,8.5,1.65,2.05,1.7,2.1,2.05,1.77,-1.25,2.08,1.76,-1.25,2.125,1.775,-1.25,,,,,
I1,2004-09-18,Lecce,Brescia,4,1,H,1,1,D,2.0,3.0,3.5,1.95,3.25,3.55,2.05,3.0,3.6,2.1,2.8,3.3,2.0,2.8,3.75,2.1,3.2,3.25,2.0,2.87,3.6,1.9,1.79,2.0,1.8,1.85,1.95,-0.25,1.88,1.96,-0.25,1.8,2.1,-0.25,,,,,
I1,2004-09-19,Bologna,Milan,0,2,A,0,0,D,5.5,3.2,1.61,5.55,3.35,1.6,5.25,3.3,1.65,4.2,3.2,1.7,5.0,3.2,1.67,4.75,3.3,1.7,5.0,3.1,1.66,1.9,1.79,2.0,1.8,2.0,1.8,0.75,2.02,1.82,0.75,2.05,1.85,0.75,,,,,
I1,2004-09-19,Fiorentina,Cagliari,2,1,H,1,0,H,1.57,3.4,5.5,1.55,3.4,6.1,1.63,3.3,5.5,1.6,3.3,4.8,1.62,3.25,5.0,1.62,3.4,5.5,1.6,3.0,6.0,1.9,1.79,1.95,1.85,1.8,2.0,-0.75,1.92,1.92,-0.75,1.875,2.025,-0.75,,,,,
I1,2004-09-19,Juventus,Atalanta,2,0,H,1,0,H,1.2,5.0,12.0,1.2,5.75,9.0,1.22,5.2,11.5,1.2,5.0,10.0,1.2,5.0,11.0,1.22,5.25,11.0,1.2,5.0,11.0,1.71,2.0,1.66,2.15,1.85,1.95,-1.5,2.0,1.84,-1.5,1.85,2.05,-1.5,,,,,
I1,2004-09-19,Lazio,Reggina,1,1,D,1,1,D,1.5,3.4,6.5,1.57,3.2,6.5,1.57,3.2,6.6,1.55,3.4,5.0,1.5,3.4,6.0,1.5,3.6,6.5,1.53,3.25,6.0,1.9,1.79,1.95,1.85,1.77,2.05,-0.75,1.78,2.06,-0.75,2.1,1.8,-1.0,,,,,
I1,2004-09-19,Livorno,Chievo,1,2,A,1,0,H,2.37,2.75,3.0,2.3,2.9,3.1,2.3,2.8,3.25,2.3,2.8,2.9,2.25,2.75,3.2,2.38,3.0,2.9,2.3,2.9,2.9,1.85,1.85,2.1,1.7,2.0,1.8,-0.25,2.0,1.84,-0.25,2.1,1.8,-0.25,,,,,
I1,2004-09-19,Messina,Roma,4,3,H,1,1,D,3.25,3.0,2.1,3.8,3.05,1.95,3.7,3.0,2.0,3.3,3.0,2.0,4.0,3.0,1.83,4.0,3.1,1.91,3.75,2.9,1.95,1.9,1.79,2.15,1.66,1.66,12.0,0.5,2.0,1.84,0.25,2.0,1.9,0.25,,,,,
I1,2004-09-19,Siena,Sampdoria,2,1,H,1,1,D,2.37,2.87,2.87,2.7,2.7,2.8,2.55,2.8,2.85,2.5,2.7,2.8,2.38,2.8,2.88,2.5,2.88,2.88,2.5,2.8,2.75,2.05,1.65,2.15,1.66,1.9,1.9,0.0,1.94,1.9,0.0,1.95,1.95,0.0,,,,,
I1,2004-09-19,Udinese,Parma,4,0,H,1,0,H,2.25,3.0,3.4,2.2,2.8,3.45,2.2,2.85,3.4,2.2,2.8,3.1,2.2,2.8,3.2,2.25,2.88,3.25,2.15,2.87,3.25,1.95,1.75,2.1,1.7,1.95,1.85,-0.25,1.96,1.88,-0.25,1.975,1.925,-0.25,,,,,
I1,2004-09-22,Atalanta,Inter,2,3,A,1,0,H,4.0,3.2,1.8,4.75,3.3,1.7,4.65,3.2,1.75,4.0,3.0,1.8,4.5,2.88,1.8,4.33,3.2,1.8,4.8,3.0,1.72,1.75,1.95,1.95,1.85,1.8,2.0,0.75,1.78,2.06,0.75,1.775,2.125,0.75,,,,,
I1,2004-09-22,Brescia,Lazio,0,2,A,0,2,A,2.62,3.0,2.5,2.9,2.9,2.45,2.75,3.0,2.5,2.7,2.9,2.4,2.75,3.0,2.38,2.8,2.9,2.5,2.37,3.1,2.62,2.0,1.71,2.05,1.75,2.0,1.8,0.0,1.94,1.9,0.0,2.05,1.85,0.0,,,,,
I1,2004-09-22,Cagliari,Siena,2,0,H,1,0,H,2.0,2.87,3.75,2.05,2.85,3.9,1.9,3.1,4.0,1.9,3.0,3.6,1.8,3.0,4.33,1.95,3.0,4.0,1.8,3.0,4.2,2.0,1.71,2.05,1.75,1.9,1.75,-0.5,2.04,1.8,-0.5,1.975,1.925,-0.5,,,,,
I1,2004-09-22,Chievo,Udinese,0,0,D,0,0,D,2.3,3.0,2.87,2.35,2.85,3.1,2.3,3.0,3.0,2.3,2.8,2.9,2.38,2.88,2.8,2.25,3.0,3.1,2.2,3.0,3.0,1.95,1.75,2.0,1.8,2.1,1.75,-0.25,1.84,2.0,0.0,1.8,2.1,0.0,,,,,
I1,2004-09-22,Milan,Messina,1,2,A,0,0,D,1.2,5.0,12.0,1.13,6.5,16.0,1.2,5.5,12.0,1.2,5.0,10.0,1.2,5.0,11.0,1.18,5.5,15.0,1.2,5.0,11.0,1.55,2.25,1.75,2.05,2.0,1.8,-1.75,2.04,1.8,-1.75,2.1,1.8,-1.75,,,,,
I1,2004-09-22,Palermo,Fiorentina,0,0,D,0,0,D,2.0,3.0,3.5,1.95,2.85,4.2,2.05,3.0,3.6,2.0,2.9,3.4,2.0,3.0,3.4,2.1,2.88,3.6,2.05,2.9,3.4,2.0,1.71,2.05,1.75,2.05,1.64,-0.5,2.02,1.82,-0.5,2.1,1.8,-0.5,,,,,
I1,2004-09-22,Parma,Bologna,1,2,A,0,2,A,1.83,3.1,4.0,1.85,2.9,4.5,1.8,3.1,4.5,1.8,3.0,4.0,1.62,3.25,5.0,1.8,3.0,4.75,1.72,3.1,4.5,1.95,1.75,2.05,1.75,1.8,1.84,-0.5,1.9,1.94,-0.5,1.95,1.95,-0.5,,,,,
I1,2004-09-22,Reggina,Livorno,2,1,H,1,1,D,1.9,2.9,4.0,1.9,2.9,4.2,1.9,3.1,4.0,1.8,3.0,4.0,1.83,3.0,4.0,1.91,3.1,4.0,1.83,3.0,4.0,1.95,1.75,2.05,1.75,1.9,1.75,-0.5,2.06,1.78,-0.5,2.1,1.8,-0.5,,,,,
I1,2004-09-22,Roma,Lecce,2,2,D,0,1,A,1.57,3.6,5.0,1.55,3.75,5.4,1.53,3.5,6.1,1.45,3.6,5.8,1.5,3.4,6.0,1.53,3.4,6.5,1.44,3.6,6.5,1.65,2.05,1.8,2.0,1.8,2.0,-0.75,1.82,2.02,-0.75,1.875,2.025,-0.75,,,,,
I1,2004-09-22,Sampdoria,Juventus,0,3,A,0,1,A,5.0,3.1,1.8,4.4,3.3,1.75,4.75,3.1,1.75,4.0,3.0,1.8,4.33,3.2,1.73,4.5,3.1,1.8,4.0,3.0,1.83,1.95,1.75,1.95,1.85,1.88,1.75,0.5,1.82,2.02,0.75,1.775,2.125,0.75,,,,,
I1,2004-09-25,Bologna,Roma,3,1,H,3,0,H,2.75,3.0,2.37,3.0,2.95,2.35,2.9,3.0,2.4,2.7,3.0,2.3,2.62,2.88,2.5,3.0,3.0,2.3,2.7,3.0,2.37,1.95,1.75,1.95,1.85,1.77,2.05,0.25,2.625,2.875,2.5,1.85,2.05,0.25,,,,,
I1,2004-09-25,Juventus,Palermo,1,1,D,0,1,A,1.3,5.0,9.0,1.3,4.4,9.25,1.33,4.25,9.0,1.3,4.0,8.5,1.3,4.0,9.0,1.3,4.5,9.0,1.33,4.0,8.0,1.71,2.0,1.66,2.15,1.91,1.73,-1.5,1.3,4.0,9.0,2.125,1.775,-1.5,,,,,
I1,2004-09-26,Fiorentina,Sampdoria,0,2,A,0,1,A,1.8,3.0,4.33,2.05,2.9,3.75,2.0,3.0,3.85,1.85,3.0,3.8,1.91,3.0,3.75,1.91,3.1,4.0,1.83,3.0,4.0,1.9,1.79,2.05,1.75,2.0,1.69,-0.5,1.909,3.0,3.75,2.125,1.775,-0.5,,,,,
I1,2004-09-26,Inter,Parma,2,2,D,0,1,A,1.5,3.4,6.5,1.4,4.0,7.5,1.45,3.8,7.3,1.5,3.5,5.4,1.44,3.6,6.5,1.5,3.6,6.5,1.5,3.4,6.0,1.79,1.9,1.8,2.0,1.8,2.0,-1.0,1.444,3.6,6.5,1.825,2.075,-1.0,,,,,
I1,2004-09-26,Lazio,Milan,1,2,A,1,0,H,3.5,3.2,2.1,3.55,3.1,2.0,3.4,3.0,2.1,3.2,2.9,2.1,3.4,3.0,2.0,3.5,3.0,2.1,3.1,3.0,2.15,1.9,1.79,2.05,1.75,1.59,2.1,0.5,3.4,3.0,2.0,1.8,2.1,0.5,,,,,
I1,2004-09-26,Lecce,Cagliari,3,1,H,0,0,D,1.83,3.0,4.33,1.9,3.15,3.85,1.9,3.0,4.25,1.85,3.0,3.8,1.83,3.0,4.0,1.85,3.0,4.5,1.83,3.0,4.0,1.75,1.95,1.8,2.0,1.9,1.76,-0.5,1.833,3.0,4.0,2.0,1.9,-0.5,,,,,
I1,2004-09-26,Livorno,Atalanta,1,1,D,0,0,D,2.2,3.0,3.1,2.3,2.95,3.05,2.25,3.0,3.1,2.3,2.7,3.0,2.1,2.88,3.4,2.25,3.0,3.1,2.2,3.0,3.0,1.95,1.75,1.95,1.85,2.0,1.8,-0.25,2.1,2.875,3.4,2.025,1.875,-0.25,,,,,
I1,2004-09-26,Messina,Chievo,0,0,D,0,0,D,2.25,3.0,3.0,2.2,2.9,3.3,2.25,3.0,3.1,2.2,2.9,3.0,2.2,3.0,3.0,2.2,3.0,3.2,2.15,3.0,3.1,1.95,1.75,2.0,1.8,1.95,1.85,-0.25,2.2,3.0,3.0,2.025,1.875,-0.25,,,,,
I1,2004-09-26,Siena,Reggina,0,0,D,0,0,D,2.2,3.0,3.1,2.25,2.9,3.25,2.2,2.9,3.4,2.2,2.7,3.2,2.1,2.75,3.5,2.2,2.88,3.4,2.1,3.0,3.2,2.0,1.71,2.15,1.66,1.95,1.85,-0.25,2.1,2.75,3.5,2.05,1.85,-0.25,,,,,
I1,2004-09-26,Udinese,Brescia,1,2,A,0,1,A,1.61,3.2,5.5,1.55,3.35,6.5,1.65,3.2,5.0,1.6,3.2,5.0,1.57,3.25,5.5,1.62,3.3,5.5,1.7,3.2,4.5,2.0,1.71,2.0,1.8,1.9,1.9,-1.0,1.5,3.25,6.5,1.95,1.95,-1.0,,,,,
I1,2004-10-02,Cagliari,Brescia,2,1,H,1,1,D,1.9,3.1,3.75,1.91,2.9,4.3,1.9,2.9,4.3,1.85,2.9,4.0,1.83,3.0,4.0,1.95,3.0,4.0,1.8,3.0,4.2,1.85,1.85,2.0,1.8,1.9,1.73,-0.5,2.0,1.84,-0.5,2.075,1.825,-0.5,,,,,
I1,2004-10-02,Chievo,Lecce,2,1,H,0,0,D,2.0,3.0,3.5,2.1,3.1,3.3,2.1,3.0,3.45,2.1,2.9,3.2,2.0,2.8,3.75,2.05,3.0,3.6,2.05,2.87,3.5,1.71,2.0,1.85,1.95,1.9,1.9,-0.25,1.9,1.94,-0.25,1.925,1.975,-0.25,,,,,
I1,2004-10-03,Atalanta,Lazio,1,1,D,1,0,H,2.75,3.0,2.37,2.85,2.9,2.45,2.8,2.9,2.5,2.7,2.8,2.5,2.75,2.88,2.4,2.9,3.0,2.38,2.8,2.87,2.4,1.95,1.75,2.05,1.75,1.95,1.85,0.0,1.96,1.88,0.0,2.0,1.9,0.0,,,,,
I1,2004-10-03,Messina,Siena,4,1,H,2,1,H,1.9,3.1,3.75,1.9,2.85,4.5,1.85,2.9,4.65,1.85,3.0,3.8,1.83,3.0,4.0,1.85,3.0,4.5,1.72,3.0,4.8,2.0,1.71,2.05,1.75,1.85,1.79,-0.5,2.04,1.8,-0.5,2.05,1.85,-0.5,,,,,
I1,2004-10-03,Milan,Reggina,3,1,H,1,0,H,1.2,5.0,12.0,1.22,5.25,11.0,1.25,5.0,10.0,1.25,4.5,9.0,1.22,5.0,10.0,1.22,5.5,10.5,1.22,5.0,9.5,1.65,2.05,1.7,2.1,1.9,1.9,-1.5,1.96,1.88,-1.5,2.0,1.9,-1.5,,,,,
I1,2004-10-03,Palermo,Bologna,1,0,H,1,0,H,1.83,3.1,4.0,1.75,3.05,5.0,1.8,2.9,5.0,1.8,3.0,4.0,1.8,2.88,4.5,1.85,3.0,4.5,1.8,3.0,4.2,1.95,1.75,2.0,1.8,1.8,1.84,-0.5,1.82,2.02,-0.5,1.85,2.05,-0.5,,,,,
I1,2004-10-03,Parma,Fiorentina,0,0,D,0,0,D,2.1,3.0,3.25,2.15,2.95,3.35,2.1,3.0,3.45,2.0,3.0,3.3,2.0,2.88,3.6,2.1,3.0,3.5,,,,1.95,1.75,2.1,1.7,1.8,2.0,-0.25,2.08,1.76,-0.5,2.15,1.75,-0.5,,,,,
I1,2004-10-03,Roma,Inter,3,3,D,1,1,D,2.75,3.0,2.62,2.7,3.1,2.45,2.65,3.0,2.55,2.5,3.0,2.5,2.62,2.88,2.5,2.5,3.2,2.6,2.62,2.9,2.5,1.65,2.1,1.8,2.0,1.95,1.85,0.0,1.98,1.86,0.0,2.0,1.9,0.0,,,,,
I1,2004-10-03,Sampdoria,Livorno,2,0,H,0,0,D,1.61,3.2,5.5,1.6,3.15,6.3,1.63,3.2,5.75,1.65,3.1,4.8,1.67,3.2,5.0,1.62,3.2,6.0,1.6,3.0,6.0,1.85,1.85,1.95,1.85,1.8,2.0,-0.75,1.8,2.04,-0.75,1.825,2.075,-0.75,,,,,
I1,2004-10-03,Udinese,Juventus,0,1,A,0,0,D,4.0,3.1,1.83,4.15,3.1,1.85,4.1,3.15,1.85,3.6,3.0,1.9,3.75,3.2,1.83,4.2,3.2,1.83,4.0,3.1,1.8,1.95,1.75,2.05,1.75,1.78,1.85,0.5,1.96,1.88,0.5,1.95,1.95,0.5,,,,,
I1,2004-10-16,Juventus,Messina,2,1,H,1,0,H,1.4,4.0,9.0,1.3,4.5,9.0,1.33,4.2,9.0,1.33,3.8,8.0,1.3,4.0,9.0,1.36,4.2,8.0,1.36,3.75,8.0,1.71,2.0,1.85,1.95,1.93,1.64,-1.5,2.08,1.76,-1.25,2.05,1.85,-1.25,,,,,
I1,2004-10-16,Livorno,Roma,0,2,A,0,1,A,3.75,3.1,1.9,4.45,3.1,1.8,4.4,3.15,1.8,3.8,3.1,1.8,4.0,3.0,1.83,4.5,3.1,1.8,4.0,2.87,1.9,1.75,1.95,1.9,1.9,1.84,1.8,0.5,2.0,1.84,0.5,2.05,1.85,0.5,,,,,
I1,2004-10-17,Bologna,Atalanta,2,1,H,1,1,D,1.83,2.87,4.5,1.85,2.9,4.6,1.85,2.9,4.6,2.0,2.7,3.8,1.8,2.88,4.5,1.85,3.1,4.2,1.8,2.9,4.5,2.0,1.71,2.0,1.8,1.85,1.78,-0.5,1.96,1.88,-0.5,1.975,1.925,-0.5,,,,,
I1,2004-10-17,Brescia,Parma,3,1,H,2,1,H,2.37,2.87,2.87,2.4,2.75,3.1,2.4,2.85,3.0,2.5,3.0,2.5,2.5,2.88,2.62,2.4,3.0,2.88,2.4,2.8,2.87,1.85,1.85,2.0,1.8,2.4,1.46,-0.5,1.88,1.96,0.0,1.85,2.05,0.0,,,,,
I1,2004-10-17,Cagliari,Milan,0,1,A,0,1,A,6.0,3.2,1.66,5.25,3.3,1.65,5.0,3.2,1.7,4.2,3.1,1.75,5.0,2.88,1.73,5.0,3.2,1.7,5.0,3.0,1.7,1.9,1.79,2.05,1.75,1.95,1.7,0.5,1.96,1.88,0.75,1.975,1.925,0.75,,,,,
I1,2004-10-17,Fiorentina,Siena,0,0,D,0,0,D,1.72,3.0,5.0,1.7,3.0,5.5,1.73,3.1,5.0,1.75,3.1,4.2,1.73,2.88,5.0,1.73,3.1,5.0,1.72,2.9,5.0,2.0,1.71,2.15,1.66,1.73,1.91,-0.5,1.9,1.94,-0.75,1.9,2.0,-0.75,,,,,
I1,2004-10-17,Inter,Udinese,3,1,H,2,0,H,1.44,3.75,6.5,1.4,3.7,8.5,1.4,3.9,7.7,1.45,3.8,5.4,1.44,3.4,7.0,1.44,3.75,7.0,1.44,3.5,7.0,1.75,1.95,1.85,1.95,2.08,1.54,-1.5,1.92,1.92,-1.0,1.95,1.95,-1.0,,,,,
I1,2004-10-17,Lazio,Chievo,0,1,A,0,0,D,1.9,3.1,3.75,1.9,3.05,4.0,1.85,3.1,4.2,1.85,3.1,3.6,1.8,3.0,4.33,1.85,3.1,4.2,1.8,2.9,4.5,1.9,1.79,2.05,1.75,1.85,1.78,-0.5,2.0,1.84,-0.5,2.025,1.875,-0.5,,,,,
I1,2004-10-17,Lecce,Palermo,2,0,H,0,0,D,2.25,3.0,3.0,2.5,3.0,2.75,2.3,2.95,3.05,2.4,2.8,2.8,2.2,2.8,3.2,2.25,3.0,3.1,2.2,2.8,3.2,1.75,1.95,1.9,1.9,2.3,1.5,-0.5,1.78,2.06,0.0,1.775,2.125,0.0,,,,,
I1,2004-10-17,Reggina,Sampdoria,0,1,A,0,1,A,2.5,2.4,2.87,2.55,2.75,2.9,2.5,2.75,2.95,2.4,2.8,2.8,2.38,2.8,2.88,2.5,2.8,2.9,2.37,2.7,3.0,2.05,1.65,2.25,1.61,2.5,1.42,-0.5,2.1,1.74,-0.25,1.75,2.15,0.0,,,,,
I1,2004-10-23,Atalanta,Cagliari,2,2,D,2,2,D,2.2,3.0,3.0,2.2,2.75,3.55,2.2,2.85,3.4,1.9,3.0,3.6,2.1,2.75,3.5,2.2,2.88,3.4,2.1,2.87,3.3,1.85,1.85,2.1,1.7,2.2,1.55,-0.5,1.84,2.0,-0.25,1.85,2.05,-0.25,,,,,
I1,2004-10-23,Siena,Juventus,0,3,A,0,0,D,5.5,3.2,1.61,5.0,3.35,1.65,5.5,3.2,1.65,4.6,3.4,1.6,5.0,3.25,1.62,5.5,3.3,1.62,5.5,3.1,1.61,1.95,1.75,2.0,1.8,2.02,1.65,0.5,2.12,1.72,0.75,2.15,1.75,0.75,,,,,
I1,2004-10-24,Chievo,Reggina,0,0,D,0,0,D,1.72,3.2,4.5,1.7,3.05,5.45,1.73,3.0,5.3,1.7,3.1,4.4,1.73,2.88,5.0,1.73,3.2,4.75,1.72,2.9,5.0,2.0,1.71,2.15,1.66,1.73,1.92,-0.5,2.08,1.76,-0.75,2.1,1.8,-0.75,,,,,
I1,2004-10-24,Livorno,Bologna,1,0,H,0,0,D,2.6,2.8,2.7,2.65,2.75,2.75,2.55,2.8,2.85,2.5,2.7,2.8,2.5,2.88,2.62,2.6,2.8,2.8,2.5,2.8,2.75,2.0,1.71,2.1,1.7,2.55,1.41,-0.5,1.72,2.12,0.0,2.0,1.9,-0.25,,,,,
I1,2004-10-24,Messina,Lecce,1,4,A,1,3,A,2.2,3.0,3.0,2.25,2.9,3.2,2.2,2.95,3.25,2.2,2.8,3.1,2.1,3.0,3.2,2.2,3.0,3.25,2.1,2.87,3.3,1.85,1.85,1.8,2.0,2.2,1.55,-0.5,1.94,1.9,-0.25,1.9,2.0,-0.25,,,,,
I1,2004-10-24,Milan,Inter,0,0,D,0,0,D,2.37,3.0,3.1,2.45,2.9,2.85,2.4,3.0,2.85,2.4,2.8,2.8,2.2,3.0,3.0,2.3,2.88,3.2,2.3,2.9,2.9,1.9,1.79,2.0,1.8,2.4,1.46,-0.5,2.08,1.76,-0.25,2.15,1.75,-0.25,,,,,
I1,2004-10-24,Parma,Lazio,3,1,H,2,1,H,2.4,3.0,2.75,2.5,2.8,2.9,2.4,2.85,3.0,2.4,2.8,2.8,2.25,3.0,2.88,2.4,2.88,3.0,2.4,2.87,2.8,1.95,1.75,2.15,1.66,2.4,1.46,-0.5,2.06,1.78,-0.25,1.75,2.15,0.0,,,,,
I1,2004-10-24,Roma,Palermo,1,1,D,0,1,A,1.61,3.2,5.5,1.65,3.35,5.1,1.65,3.35,5.1,1.7,3.2,4.2,1.62,3.25,5.0,1.62,3.3,5.5,1.61,3.1,5.5,1.85,1.85,1.95,1.85,1.65,2.02,-0.5,1.96,1.88,-0.75,2.0,1.9,-0.75,,,,,
I1,2004-10-24,Sampdoria,Brescia,0,1,A,0,0,D,1.66,3.2,5.0,1.6,3.2,6.1,1.65,3.2,5.5,1.65,3.2,4.6,1.62,3.25,5.0,1.67,3.3,5.0,1.66,3.1,5.0,1.85,1.85,1.9,1.9,1.65,2.02,-0.5,1.84,2.0,-0.75,1.85,2.05,-0.75,,,,,
I1,2004-10-24,Udinese,Fiorentina,2,2,D,1,1,D,2.0,2.87,3.75,1.9,3.0,4.1,1.9,2.95,4.25,1.9,3.0,3.6,1.91,2.88,4.0,2.0,2.88,4.0,1.9,2.87,4.0,2.0,1.71,2.2,1.65,1.9,1.74,-0.5,2.06,1.78,-0.5,2.075,1.825,-0.5,,,,,
I1,2004-10-27,Bologna,Udinese,0,1,A,0,0,D,2.0,3.0,3.5,2.15,2.8,3.55,2.15,3.0,3.25,2.1,2.8,3.3,1.91,3.1,3.6,2.1,3.0,3.5,2.0,2.87,3.6,1.95,1.75,2.15,1.65,2.15,1.56,-0.5,1.96,1.88,-0.25,2.0,1.9,-0.25,,,,,
I1,2004-10-27,Brescia,Siena,0,1,A,0,1,A,1.8,3.0,4.33,1.75,3.0,5.0,1.75,3.0,5.0,1.75,3.1,4.2,1.8,3.2,4.0,1.8,3.1,4.6,1.8,2.9,4.5,1.95,1.75,2.05,1.75,1.75,1.88,-0.5,2.1,1.74,-0.75,1.9,2.0,-0.5,,,,,
I1,2004-10-27,Cagliari,Parma,2,1,H,1,0,H,2.2,3.0,3.1,2.25,2.8,3.3,2.15,3.0,3.25,1.9,3.1,3.5,2.0,3.0,3.4,2.1,3.1,3.3,2.1,3.0,3.2,1.85,1.85,1.95,1.85,2.15,1.56,-0.5,1.98,1.86,-0.25,2.075,1.825,-0.25,,,,,
I1,2004-10-27,Chievo,Sampdoria,0,2,A,0,2,A,2.0,3.0,3.5,2.35,2.7,3.25,2.15,3.0,3.3,2.0,2.8,3.6,2.1,3.0,3.2,2.05,3.0,3.6,2.05,2.87,3.5,2.15,1.6,2.2,1.6,2.2,1.54,-0.5,1.92,1.92,-0.25,2.05,1.85,-0.25,,,,,
I1,2004-10-27,Lazio,Messina,2,0,H,1,0,H,1.72,3.25,4.33,1.75,3.0,5.0,1.8,3.1,4.5,1.75,3.1,4.2,1.8,3.0,4.33,1.8,3.1,4.5,1.72,3.1,4.5,1.85,1.85,2.0,1.8,1.8,1.84,-0.5,1.84,2.0,-0.5,1.9,2.0,-0.5,,,,,
I1,2004-10-27,Lecce,Inter,2,2,D,1,2,A,3.3,3.1,2.0,4.1,3.3,1.8,3.6,3.3,1.93,3.4,2.9,2.0,3.2,3.2,2.0,3.75,3.1,1.91,3.75,2.9,1.95,1.6,2.15,1.7,2.1,1.72,1.93,0.5,1.9,1.94,0.5,1.925,1.975,0.5,,,,,
I1,2004-10-27,Milan,Atalanta,3,0,H,0,0,D,1.25,5.0,9.0,1.21,5.2,12.0,1.22,5.0,12.0,1.27,4.2,9.0,1.22,5.0,10.0,1.25,5.0,10.5,1.2,5.0,11.0,1.71,2.0,1.85,1.95,1.22,3.53,-0.5,1.9,1.94,-1.5,1.975,1.925,-1.5,,,,,
I1,2004-10-27,Palermo,Livorno,1,2,A,1,1,D,1.61,3.2,5.5,1.5,3.25,7.75,1.57,3.25,6.3,1.6,3.3,4.8,1.57,3.25,5.5,1.62,3.3,5.5,1.57,3.1,6.0,2.0,1.71,2.1,1.7,1.57,2.14,-0.5,1.76,2.08,-0.75,1.8,2.1,-0.75,,,,,
I1,2004-10-27,Reggina,Fiorentina,1,2,A,0,0,D,2.25,3.0,3.0,2.3,2.85,3.15,2.3,2.9,3.1,2.3,2.7,3.0,2.25,2.88,3.0,2.3,2.88,3.2,2.15,3.0,3.1,2.05,1.65,2.2,1.6,2.3,1.5,-0.5,2.02,1.82,-0.25,2.075,1.825,-0.25,,,,,
I1,2004-10-28,Juventus,Roma,2,0,H,1,0,H,1.66,3.2,6.0,1.7,3.2,4.9,1.67,3.3,5.0,1.65,3.2,4.6,1.73,3.2,4.33,1.67,3.2,5.5,1.7,3.2,4.5,1.79,1.9,2.0,1.8,1.67,1.99,-0.5,1.94,1.9,-0.75,1.95,1.95,-0.75,,,,,
I1,2004-10-30,Inter,Lazio,1,1,D,0,0,D,1.57,3.4,7.0,1.45,3.7,7.0,1.47,3.55,7.2,1.6,3.3,4.8,1.5,3.4,6.0,1.53,3.4,6.5,1.57,3.1,6.0,1.79,1.9,1.85,1.95,1.47,2.38,-0.5,1.9,1.94,-1.0,1.875,2.025,-1.0,,,,,
I1,2004-10-30,Sampdoria,Milan,0,1,A,0,0,D,4.0,3.0,1.83,4.2,3.1,1.85,4.4,3.15,1.8,3.8,3.1,1.8,5.0,3.25,1.62,4.33,3.2,1.8,4.2,3.0,1.8,1.95,1.75,2.1,1.7,1.84,1.8,0.5,1.78,2.06,0.75,1.75,2.15,0.75,,,,,
I1,2004-10-31,Fiorentina,Lecce,4,0,H,1,0,H,2.1,3.0,3.25,2.1,3.05,3.35,2.15,3.1,3.2,2.1,2.8,3.3,2.0,3.0,3.4,2.1,3.1,3.3,2.15,2.87,3.25,1.75,1.95,1.85,1.95,2.15,1.57,-0.5,1.94,1.9,-0.25,1.9,2.0,-0.25,,,,,
I1,2004-10-31,Juventus,Chievo,3,0,H,1,0,H,1.36,4.0,7.0,1.45,3.7,7.0,1.4,3.85,7.7,1.35,4.0,7.0,1.3,4.0,9.0,1.36,4.0,8.5,1.4,3.75,7.0,1.79,1.9,1.85,1.95,2.02,1.58,-1.5,2.06,1.78,-1.5,1.825,2.075,-1.25,,,,,
I1,2004-10-31,Livorno,Brescia,2,1,H,1,1,D,2.1,3.0,3.25,2.1,2.8,3.75,2.1,3.0,3.45,2.2,2.8,3.1,2.0,3.0,3.4,2.2,3.0,3.25,2.25,2.87,3.0,1.95,1.75,2.1,1.7,2.1,1.6,-0.5,1.78,2.06,-0.25,1.775,2.125,-0.25,,,,,
I1,2004-10-31,Messina,Reggina,2,1,H,0,1,A,1.9,3.0,3.75,2.1,2.85,3.7,2.0,3.0,3.75,2.0,2.8,3.6,1.91,2.88,4.0,1.91,3.1,4.0,2.0,2.87,3.6,2.0,1.71,2.1,1.7,2.0,1.67,-0.5,2.1,1.74,-0.5,2.15,1.75,-0.5,,,,,
I1,2004-10-31,Parma,Atalanta,2,2,D,1,1,D,1.72,3.2,4.33,1.7,3.0,5.5,1.7,3.2,5.0,1.75,3.1,4.2,1.73,2.88,5.0,1.75,3.25,4.5,1.7,3.2,4.5,1.85,1.85,1.95,1.85,1.7,1.95,-0.5,2.02,1.82,-0.75,2.0,1.9,-0.75,,,,,
I1,2004-10-31,Roma,Cagliari,5,1,H,2,1,H,1.61,3.25,5.0,1.6,3.2,6.0,1.55,3.4,6.25,1.55,3.4,5.0,1.62,3.25,5.0,1.53,3.6,6.0,1.5,3.4,6.0,1.75,1.95,1.8,2.0,1.55,2.2,-0.5,2.0,1.84,-1.0,2.1,1.8,-1.0,,,,,
I1,2004-10-31,Siena,Bologna,1,1,D,0,1,A,2.2,3.0,3.1,2.15,2.75,3.65,2.15,3.0,3.3,2.2,2.8,3.1,2.1,3.0,3.2,2.25,3.0,3.1,2.1,2.87,3.3,2.05,1.65,2.25,1.61,2.15,1.58,-0.5,1.92,1.92,-0.25,1.875,2.025,-0.25,,,,,
I1,2004-10-31,Udinese,Palermo,1,0,H,0,0,D,2.1,3.0,3.25,2.15,2.8,3.65,2.1,2.85,3.65,2.0,2.8,3.6,2.1,2.8,3.5,2.1,3.0,3.5,1.83,3.0,4.0,2.0,1.71,2.15,1.66,2.1,1.6,-0.5,1.8,2.04,-0.25,1.8,2.1,-0.25,,,,,
I1,2004-11-06,Brescia,Chievo,1,0,H,0,0,D,2.37,2.87,2.87,2.45,2.75,3.05,2.5,2.75,2.95,2.4,2.7,2.9,2.38,2.8,2.88,2.5,2.88,2.88,2.37,2.8,2.9,2.0,1.71,2.25,1.61,2.5,1.42,-0.5,1.84,2.0,0.0,1.9,2.0,0.0,,,,,
I1,2004-11-06,Reggina,Juventus,2,1,H,2,1,H,6.0,3.4,1.53,6.0,3.45,1.55,6.5,3.45,1.52,5.0,3.4,1.55,6.0,3.4,1.5,6.0,3.4,1.57,5.5,3.4,1.53,2.0,1.71,2.1,1.7,2.25,1.52,0.5,1.84,2.0,1.0,1.925,1.975,1.0,,,,,
I1,2004-11-07,Atalanta,Sampdoria,0,0,D,0,0,D,2.4,2.9,2.8,2.55,2.75,2.9,2.5,2.75,2.95,2.4,2.8,2.8,2.38,2.8,2.88,2.5,2.88,2.88,2.5,2.9,2.62,1.9,1.79,2.1,1.7,2.5,1.42,-0.5,1.84,2.0,0.0,1.85,2.05,0.0,,,,,
I1,2004-11-07,Bologna,Messina,2,2,D,1,2,A,2.0,3.0,3.5,1.95,2.85,4.2,1.95,2.9,4.1,2.0,2.9,3.4,1.91,2.88,4.0,2.0,3.0,3.75,1.95,3.0,3.6,1.85,1.85,2.0,1.8,1.95,1.7,-0.5,2.02,1.82,-0.5,2.05,1.85,-0.5,,,,,
I1,2004-11-07,Cagliari,Livorno,0,0,D,0,0,D,1.9,3.1,3.75,1.8,3.1,4.5,1.8,3.0,4.7,1.8,3.0,4.0,1.8,3.2,4.0,1.8,3.2,4.33,1.72,3.1,4.5,1.85,1.85,2.05,1.75,1.8,1.83,-0.5,1.82,2.02,-0.5,1.8,2.1,-0.5,,,,,
I1,2004-11-07,Fiorentina,Inter,1,1,D,1,0,H,3.25,3.0,2.1,3.4,2.9,2.15,3.4,3.15,2.05,3.3,2.8,2.1,3.2,3.2,2.0,3.25,3.0,2.2,3.3,2.87,2.1,1.79,1.9,1.85,1.95,1.64,2.05,0.5,2.0,1.84,0.25,2.075,1.825,0.25,,,,,
I1,2004-11-07,Lazio,Siena,1,1,D,0,0,D,1.72,3.25,4.33,1.75,3.25,4.65,1.65,3.2,5.35,1.65,3.2,4.6,1.62,3.25,5.0,1.67,3.4,5.0,1.61,3.1,5.5,1.95,1.75,2.1,1.7,1.65,2.0,-0.5,2.06,1.78,-0.75,1.85,2.05,-0.5,,,,,
I1,2004-11-07,Lecce,Udinese,3,4,A,1,1,D,2.1,3.0,3.25,2.2,2.85,3.35,2.1,3.1,3.3,2.1,2.9,3.2,2.1,3.0,3.2,2.1,3.1,3.3,2.15,3.0,3.1,1.71,2.0,1.85,1.95,2.1,1.6,-0.5,1.98,1.86,-0.25,2.0,1.9,-0.25,,,,,
I1,2004-11-07,Milan,Roma,1,1,D,1,0,H,1.61,3.4,6.0,1.65,3.3,5.15,1.65,3.25,5.3,1.65,3.2,4.6,1.62,3.25,5.0,1.62,3.4,5.5,1.57,3.3,5.5,1.75,1.95,2.0,1.8,1.65,2.01,-0.5,1.82,2.02,-0.75,1.825,2.075,-0.75,,,,,
I1,2004-11-07,Palermo,Parma,1,1,D,0,1,A,1.9,3.1,3.75,1.9,3.05,4.0,1.85,3.1,4.2,1.85,3.1,3.6,1.91,3.0,3.75,1.91,3.0,4.2,1.9,3.0,3.75,1.9,1.79,2.1,1.7,1.85,1.78,-0.5,1.92,1.92,-0.5,2.025,1.875,-0.5,,,,,
I1,2004-11-10,Brescia,Milan,0,0,D,0,0,D,6.0,3.2,1.57,6.0,3.3,1.58,6.0,3.2,1.6,4.6,3.2,1.65,6.5,3.6,1.44,6.0,3.4,1.57,6.0,3.25,1.53,1.95,1.75,2.05,1.75,2.09,1.6,0.5,1.76,2.08,1.0,1.8,2.1,1.0,,,,,
I1,2004-11-10,Chievo,Atalanta,1,0,H,0,0,D,1.8,3.2,4.0,1.85,2.85,4.75,1.77,3.0,5.0,1.8,2.9,4.2,1.8,3.0,4.33,1.8,3.1,4.5,1.72,2.9,5.0,2.05,1.65,2.1,1.7,1.77,1.88,-0.5,1.94,1.9,-0.5,1.95,1.95,-0.5,,,,,
I1,2004-11-10,Inter,Bologna,2,2,D,1,0,H,1.4,3.8,7.0,1.35,4.25,8.0,1.4,3.8,8.0,1.37,3.7,7.0,1.4,3.5,8.0,1.44,3.6,8.0,1.44,3.5,7.0,1.85,1.85,1.8,2.0,2.02,1.52,-1.5,1.86,1.98,-1.25,1.925,1.975,-1.25,,,,,
I1,2004-11-10,Juventus,Fiorentina,1,0,H,0,0,D,1.4,4.0,9.0,1.35,4.2,8.0,1.33,4.0,10.0,1.4,3.7,6.5,1.25,4.5,10.0,1.33,4.2,9.0,1.33,4.2,7.5,1.85,1.85,1.9,1.9,1.87,1.61,-1.5,2.04,1.8,-1.25,2.1,1.8,-1.25,,,,,
I1,2004-11-10,Livorno,Lazio,1,0,H,1,0,H,2.5,3.0,2.62,2.5,2.8,2.9,2.65,2.9,2.65,2.5,2.8,2.7,2.25,3.0,2.88,2.5,3.0,2.75,2.62,2.9,2.5,1.95,1.75,2.2,1.65,2.65,1.38,-0.5,1.78,2.06,0.0,1.825,2.075,0.0,,,,,
I1,2004-11-10,Parma,Reggina,1,0,H,0,0,D,1.83,3.0,4.2,1.85,2.95,4.5,1.83,3.0,4.55,1.85,2.9,4.0,1.73,2.88,5.0,1.83,3.1,4.33,1.83,3.0,4.0,2.0,1.71,2.1,1.7,1.83,1.81,-0.5,1.9,1.94,-0.5,1.925,1.975,-0.5,,,,,
I1,2004-11-10,Roma,Udinese,0,3,A,0,1,A,1.8,3.0,4.33,1.75,3.25,4.5,1.67,3.3,5.0,1.7,3.2,4.2,1.67,3.2,5.0,1.7,3.25,5.0,1.7,3.0,5.0,1.79,1.9,1.85,1.95,1.67,1.99,-0.5,1.82,2.02,-0.5,1.875,2.025,-0.5,,,,,
I1,2004-11-10,Sampdoria,Cagliari,0,0,D,0,0,D,1.8,3.0,4.33,1.75,3.3,4.5,1.75,3.25,4.75,1.75,3.1,4.2,1.73,3.2,4.33,1.83,3.1,4.33,1.8,3.0,4.2,1.95,1.75,2.0,1.8,1.75,1.93,-0.5,1.76,2.08,-0.5,1.75,2.15,-0.5,,,,,
I1,2004-11-10,Siena,Lecce,1,1,D,1,0,H,2.37,3.0,2.75,2.45,2.95,2.8,2.4,2.9,2.95,2.3,2.7,3.0,2.2,3.0,3.0,2.38,2.88,3.0,2.37,2.9,2.8,1.79,1.9,1.75,2.05,2.4,1.46,-0.5,1.74,2.1,0.0,1.775,2.125,0.0,,,,,
I1,2004-11-11,Messina,Palermo,0,0,D,0,0,D,2.1,2.8,3.5,2.4,2.85,3.0,2.4,2.85,3.0,2.3,2.7,3.0,2.2,2.8,3.2,2.2,2.88,3.4,2.05,2.9,3.4,2.0,1.71,2.1,1.7,2.4,1.46,-0.5,2.02,1.82,-0.25,2.125,1.775,-0.25,,,,,
I1,2004-11-14,Atalanta,Brescia,0,0,D,0,0,D,2.25,3.0,3.0,2.15,3.0,3.3,2.3,2.85,3.2,2.2,2.7,3.2,2.25,2.75,3.2,2.3,2.88,3.2,2.3,2.8,3.0,,,2.1,1.7,2.3,1.51,-0.5,1.96,1.88,-0.25,1.95,1.95,-0.25,,,,,
I1,2004-11-14,Cagliari,Inter,3,3,D,2,1,H,3.5,3.0,2.0,4.25,2.95,1.9,3.75,3.0,2.0,3.8,2.7,2.0,3.4,2.88,2.1,3.75,3.0,2.0,4.0,2.87,1.9,1.9,1.79,1.95,1.85,1.67,2.0,0.5,1.78,2.06,0.5,1.8,2.1,0.5,,,,,
I1,2004-11-14,Fiorentina,Livorno,1,1,D,0,0,D,1.8,3.0,4.33,1.7,3.3,4.75,1.8,3.1,4.5,1.8,2.9,4.2,1.83,2.8,4.5,1.8,3.1,4.5,1.72,3.0,4.8,1.95,1.75,2.15,1.66,1.8,1.84,-0.5,1.8,2.04,-0.5,1.8,2.1,-0.5,,,,,
I1,2004-11-14,Lazio,Bologna,2,1,H,1,0,H,1.9,3.1,3.75,1.9,3.05,4.0,1.95,3.0,4.0,1.9,2.9,3.8,1.91,2.88,4.0,1.91,3.0,4.2,1.8,3.0,4.2,2.0,1.71,2.15,1.66,1.95,1.71,-0.5,2.06,1.78,-0.5,2.1,1.8,-0.5,,,,,
I1,2004-11-14,Lecce,Juventus,0,1,A,0,1,A,5.0,3.1,1.8,4.5,3.1,1.8,4.25,3.25,1.8,4.0,3.2,1.75,5.5,3.25,1.57,4.5,3.1,1.8,4.5,3.2,1.7,1.75,1.95,1.8,2.0,1.84,1.8,0.5,1.78,2.06,0.75,1.825,2.075,0.75,,,,,
I1,2004-11-14,Milan,Siena,2,1,H,2,1,H,1.25,4.5,11.0,1.22,5.2,11.0,1.25,4.8,11.0,1.22,4.6,10.0,1.25,4.5,10.0,1.25,5.0,10.0,1.2,5.0,11.0,1.75,1.95,1.85,1.95,1.25,3.34,-0.5,2.1,1.74,-1.75,1.875,2.025,-1.5,,,,,
I1,2004-11-14,Palermo,Sampdoria,2,0,H,1,0,H,2.25,3.0,3.0,2.25,2.8,3.3,2.25,3.0,3.0,2.2,2.7,3.2,2.25,2.88,3.0,2.2,2.9,3.3,2.25,2.9,3.0,,,2.3,1.6,2.1,1.59,-0.5,1.94,1.9,-0.25,1.875,2.025,-0.25,,,,,
I1,2004-11-14,Parma,Chievo,2,2,D,0,0,D,2.1,3.0,3.25,2.15,2.95,3.35,2.15,2.9,3.45,2.1,2.8,3.3,1.91,3.0,3.75,2.1,2.88,3.6,2.15,2.87,3.25,2.0,1.71,2.2,1.65,2.15,1.58,-0.5,1.8,2.04,-0.25,1.8,2.1,-0.25,,,,,
I1,2004-11-14,Reggina,Roma,1,0,H,1,0,H,2.75,3.0,2.37,2.9,3.0,2.35,3.0,3.0,2.3,3.2,2.9,2.1,3.0,2.88,2.25,3.2,2.9,2.25,3.0,2.87,2.25,1.9,1.79,2.1,1.7,1.5,2.3,0.5,1.84,2.0,0.25,1.875,2.025,0.25,,,,,
I1,2004-11-14,Udinese,Messina,1,1,D,0,1,A,1.72,3.2,4.5,1.7,3.1,5.5,1.75,3.2,4.5,1.7,3.1,4.4,1.73,3.2,4.33,1.73,3.2,4.75,1.72,3.1,4.5,,,2.05,1.75,1.75,1.87,-0.5,1.92,1.92,-0.75,1.95,1.95,-0.75,,,,,
I1,2004-11-27,Livorno,Udinese,1,2,A,0,1,A,2.5,2.75,2.87,2.65,2.7,2.85,2.6,2.8,2.8,2.5,2.8,2.7,2.38,2.8,2.88,2.5,2.8,2.9,2.5,2.8,2.75,1.95,1.75,2.2,1.65,2.6,1.4,-0.5,1.94,1.9,0.0,1.975,1.925,0.0,,,,,
I1,2004-11-27,Siena,Roma,0,4,A,0,0,D,2.75,3.0,2.37,2.95,2.95,2.35,2.95,2.95,2.35,2.8,2.8,2.4,2.75,3.0,2.38,2.9,3.0,2.38,2.9,2.8,2.37,1.85,1.85,2.05,1.75,1.48,2.35,0.5,2.14,1.7,0.0,1.85,2.05,0.25,,,,,
I1,2004-11-28,Atalanta,Reggina,0,1,A,0,1,A,2.2,3.0,3.1,2.1,2.85,3.6,2.15,2.85,3.5,2.1,2.7,3.5,2.1,2.75,3.5,2.2,3.0,3.25,2.15,2.87,3.25,2.05,1.65,2.37,1.55,2.15,1.57,-0.5,1.74,2.1,-0.25,2.075,1.825,-0.5,,,,,
I1,2004-11-28,Bologna,Lecce,0,0,D,0,0,D,2.1,3.1,3.2,2.2,3.1,3.1,2.2,3.1,3.1,2.1,2.8,3.3,2.0,3.0,3.4,2.2,3.1,3.1,2.15,2.87,3.25,1.65,2.05,1.66,2.15,2.2,1.55,-0.5,2.1,1.74,-0.25,2.1,1.8,-0.25,,,,,
I1,2004-11-28,Brescia,Palermo,0,2,A,0,2,A,2.37,2.75,3.0,2.55,2.7,2.95,2.55,2.75,2.9,2.4,2.7,2.9,2.38,2.8,2.88,2.4,2.8,3.1,2.37,2.7,3.0,2.05,1.65,2.4,1.53,2.55,1.41,-0.5,1.74,2.1,0.0,2.175,1.725,-0.25,,,,,
I1,2004-11-28,Chievo,Milan,0,1,A,0,0,D,4.5,3.2,1.72,5.6,3.2,1.65,5.0,3.2,1.7,4.2,3.1,1.75,5.5,2.88,1.67,5.0,3.25,1.7,5.0,3.1,1.66,1.9,1.79,2.15,1.66,1.95,1.7,0.5,1.9,1.94,0.75,1.925,1.975,0.75,,,,,
I1,2004-11-28,Inter,Juventus,2,2,D,0,0,D,2.6,3.0,2.8,2.55,3.0,2.7,2.55,2.95,2.7,2.6,2.8,2.6,2.4,2.8,2.88,2.6,2.88,2.75,2.6,2.7,2.7,1.85,1.85,2.0,1.8,2.55,1.41,-0.5,1.78,2.06,0.0,1.825,2.075,0.0,,,,,
I1,2004-11-28,Lazio,Cagliari,2,3,A,1,1,D,1.83,3.1,4.0,1.9,3.0,4.15,1.9,3.0,4.15,1.8,3.1,3.8,1.8,3.2,4.0,1.91,3.0,4.2,1.8,3.1,4.0,1.85,1.85,2.05,1.75,1.9,1.74,-0.5,1.98,1.86,-0.5,2.025,1.875,-0.5,,,,,
I1,2004-11-28,Messina,Fiorentina,1,1,D,0,0,D,2.37,2.75,3.0,2.55,2.7,2.95,2.5,2.75,2.95,2.3,2.7,3.0,2.38,2.8,2.88,2.5,2.8,2.9,2.37,2.8,2.9,1.9,1.79,2.25,1.61,2.5,1.42,-0.5,1.84,2.0,0.0,1.9,2.0,0.0,,,,,
I1,2004-11-28,Sampdoria,Parma,1,0,H,0,0,D,1.8,3.1,4.2,1.9,3.0,4.15,1.9,3.0,4.15,2.0,2.9,3.4,1.83,3.0,4.0,1.91,3.1,4.0,1.9,2.87,4.0,2.0,1.71,2.25,1.61,1.9,1.74,-0.5,1.9,1.94,-0.5,1.95,1.95,-0.5,,,,,
I1,2004-12-04,Inter,Messina,5,0,H,3,0,H,1.36,3.75,8.5,1.3,4.3,10.0,1.31,4.25,10.0,1.4,3.5,7.0,1.4,3.5,8.0,1.4,3.75,8.5,1.4,3.3,9.0,1.75,1.95,1.7,2.1,1.81,1.66,-1.5,2.08,1.76,-1.5,2.1,1.8,-1.5,,,,,
I1,2004-12-04,Parma,Milan,1,2,A,0,0,D,5.0,3.0,1.72,5.2,3.3,1.65,5.1,3.25,1.68,4.2,3.1,1.75,5.0,3.25,1.62,5.0,3.25,1.7,5.5,3.1,1.61,2.0,1.71,2.15,1.66,1.99,1.68,0.5,1.94,1.9,0.75,2.0,1.9,0.75,,,,,
I1,2004-12-05,Cagliari,Chievo,4,2,H,3,0,H,2.0,2.87,3.75,2.1,2.8,3.75,2.1,2.85,3.7,1.9,2.9,3.8,1.91,2.88,4.0,2.0,2.88,4.0,2.1,2.8,3.4,2.0,1.71,2.1,1.7,2.1,1.61,-0.5,2.1,1.74,-0.5,1.825,2.075,-0.25,,,,,
I1,2004-12-05,Fiorentina,Bologna,1,0,H,0,0,D,1.83,2.87,4.5,1.85,2.85,4.75,1.8,2.95,4.85,1.9,2.8,4.0,1.83,2.88,4.33,1.8,3.0,4.75,1.9,2.75,4.2,2.05,1.65,2.2,1.65,1.8,1.83,-0.5,1.8,2.04,-0.5,1.85,2.05,-0.5,,,,,
I1,2004-12-05,Juventus,Lazio,2,1,H,1,1,D,1.36,4.33,9.0,1.35,4.15,8.5,1.31,4.3,9.7,1.45,3.6,5.8,1.3,4.0,9.0,1.36,4.0,9.0,1.33,4.0,8.0,1.79,1.9,1.9,1.9,1.81,1.66,-1.5,1.88,1.96,-1.25,1.85,2.05,-1.25,,,,,
I1,2004-12-05,Lecce,Livorno,3,2,H,1,2,A,1.9,3.1,3.75,1.9,3.15,3.9,1.87,3.15,4.0,1.85,3.0,3.8,1.91,3.0,3.75,1.91,3.1,4.0,1.83,2.87,4.33,1.75,1.95,1.7,2.1,1.87,1.76,-0.5,1.92,1.92,-0.5,1.95,1.95,-0.5,,,,,
I1,2004-12-05,Palermo,Atalanta,1,0,H,1,0,H,1.5,3.25,7.0,1.5,3.4,7.0,1.51,3.4,7.0,1.6,3.3,4.8,1.5,3.2,7.0,1.53,3.3,7.0,1.53,3.25,6.0,2.05,1.65,2.15,1.66,1.51,2.29,-0.5,2.1,1.74,-1.0,1.825,2.075,-0.75,,,,,
I1,2004-12-05,Reggina,Brescia,1,3,A,0,2,A,1.9,2.9,4.0,2.05,2.75,4.0,2.1,2.75,3.8,2.0,2.8,3.6,1.91,3.0,3.75,2.0,2.88,4.0,2.0,2.8,3.75,2.15,1.6,2.3,1.6,2.1,1.6,-0.5,2.1,1.74,-0.5,1.8,2.1,-0.25,,,,,
I1,2004-12-05,Roma,Sampdoria,1,1,D,0,0,D,1.72,3.3,5.0,1.73,3.2,4.75,1.75,3.1,5.0,1.75,3.2,4.0,1.73,3.2,4.33,1.75,3.2,4.75,1.8,2.9,4.5,1.85,1.85,2.0,1.8,1.75,1.91,-0.5,1.84,2.0,-0.5,1.85,2.05,-0.5,,,,,
I1,2004-12-05,Udinese,Siena,1,0,H,1,0,H,1.57,3.2,6.0,1.58,3.1,6.85,1.57,3.15,6.8,1.5,3.4,5.6,1.62,3.25,5.0,1.53,3.25,7.0,1.57,3.1,6.0,1.95,1.75,2.05,1.75,1.57,2.15,-0.5,1.92,1.92,-1.0,1.95,1.95,-1.0,,,,,
I1,2004-12-11,Atalanta,Udinese,0,1,A,0,1,A,3.0,3.0,2.25,2.95,2.95,2.35,3.0,3.0,2.3,2.9,2.8,2.3,3.0,2.88,2.25,3.0,3.1,2.25,3.0,2.87,2.25,2.0,1.71,2.2,1.61,1.5,2.3,0.5,1.8,2.04,0.25,1.875,2.025,0.25,,,,,
I1,2004-12-11,Lazio,Lecce,3,3,D,0,2,A,2.1,3.2,3.5,2.0,3.1,3.6,2.1,3.1,3.3,1.9,3.1,3.5,2.0,3.0,3.4,2.05,3.2,3.6,2.0,3.1,3.3,1.65,2.05,1.61,2.2,2.1,1.6,-0.5,2.12,1.72,-0.5,2.2,1.7,-0.5,,,,,
I1,2004-12-12,Bologna,Juventus,0,1,A,0,0,D,6.0,3.4,1.61,6.5,3.3,1.55,6.0,3.25,1.6,4.6,3.2,1.65,6.0,3.2,1.57,6.0,3.4,1.62,6.0,3.25,1.53,1.95,1.75,2.0,1.72,2.11,1.6,0.5,2.1,1.74,0.75,2.15,1.75,0.75,,,,,
I1,2004-12-12,Brescia,Roma,0,1,A,0,0,D,2.87,2.87,2.37,2.9,3.0,2.35,3.0,3.1,2.25,2.7,2.9,2.4,2.8,2.88,2.38,2.88,3.0,2.4,2.9,2.9,2.3,2.0,1.71,2.0,1.72,1.52,2.25,0.5,1.8,2.04,0.25,1.85,2.05,0.25,,,,,
I1,2004-12-12,Chievo,Palermo,2,1,H,2,0,H,2.37,2.8,2.87,2.55,2.7,3.0,2.4,2.75,3.1,2.4,2.7,2.9,2.38,2.8,2.88,2.38,2.8,3.1,2.3,2.8,3.0,2.25,1.55,2.2,1.61,2.4,1.46,-0.5,1.88,1.96,0.0,1.85,2.05,0.0,,,,,
I1,2004-12-12,Livorno,Parma,2,0,H,1,0,H,2.25,2.87,3.1,2.4,2.85,3.0,2.35,2.9,3.0,2.1,2.9,3.2,2.2,3.0,3.0,2.3,2.9,3.1,2.25,2.87,3.0,2.05,1.65,2.2,1.61,2.35,1.47,-0.5,2.06,1.78,-0.25,2.075,1.825,-0.25,,,,,
I1,2004-12-12,Milan,Fiorentina,6,0,H,2,0,H,1.44,3.5,7.5,1.4,3.65,9.0,1.4,3.8,8.0,1.4,3.7,6.5,1.33,3.75,9.0,1.4,4.0,7.5,1.36,3.75,8.0,2.0,1.71,2.0,1.72,2.02,1.52,-1.5,2.14,1.7,-1.25,1.925,1.975,-1.0,,,,,
I1,2004-12-12,Reggina,Cagliari,3,2,H,1,1,D,2.3,2.9,3.0,2.35,2.85,3.05,2.4,2.75,3.1,2.2,2.8,3.1,2.25,3.0,2.88,2.38,2.9,3.0,2.25,2.87,3.0,1.85,1.85,2.0,1.72,2.4,1.46,-0.5,2.04,1.8,-0.25,2.075,1.825,-0.25,,,,,
I1,2004-12-12,Sampdoria,Messina,1,0,H,1,0,H,1.66,3.0,5.5,1.7,3.0,5.5,1.7,3.1,5.25,1.7,3.1,4.4,1.67,2.88,5.5,1.7,3.0,5.5,1.72,2.9,5.0,2.05,1.65,2.2,1.61,1.7,1.95,-0.5,1.84,2.0,-0.75,1.9,2.0,-0.75,,,,,
I1,2004-12-12,Siena,Inter,2,2,D,1,1,D,5.5,3.4,1.57,6.0,3.45,1.55,6.0,3.25,1.6,5.0,3.2,1.6,6.0,3.0,1.62,5.5,3.3,1.62,6.0,3.1,1.57,1.75,1.95,1.72,2.0,2.19,1.6,0.5,2.1,1.74,0.75,1.85,2.05,1.0,,,,,
I1,2004-12-18,Juventus,Milan,0,0,D,0,0,D,2.5,2.87,3.0,2.4,2.8,3.1,2.35,2.85,3.1,2.2,2.8,3.1,2.25,2.88,3.0,2.38,3.0,3.1,2.3,2.8,3.0,2.15,1.6,2.25,1.61,2.35,1.48,-0.5,1.8,2.04,0.0,1.8,2.1,0.0,,,,,
I1,2004-12-19,Bologna,Reggina,2,0,H,1,0,H,1.9,2.9,4.0,1.85,3.0,4.35,1.9,3.0,4.15,2.0,3.0,3.3,1.91,3.0,3.75,1.95,3.0,4.0,1.9,3.0,3.75,2.05,1.65,2.2,1.65,1.9,1.74,-0.5,1.88,1.96,-0.5,1.825,2.075,-0.5,,,,,
I1,2004-12-19,Fiorentina,Chievo,2,0,H,1,0,H,1.9,2.9,4.0,2.0,2.8,4.1,1.95,2.95,4.0,2.0,2.9,3.4,1.8,3.0,4.33,1.91,3.1,4.0,2.0,2.87,3.6,2.0,1.71,2.15,1.66,1.95,1.7,-0.5,1.98,1.86,-0.5,2.075,1.825,-0.5,,,,,
I1,2004-12-19,Inter,Brescia,1,0,H,1,0,H,1.36,3.75,9.0,1.33,4.0,10.0,1.35,4.0,9.0,1.4,3.7,6.5,1.36,3.75,8.0,1.36,3.75,10.0,1.4,3.3,9.0,1.6,2.15,1.65,2.2,1.93,1.57,-1.5,2.04,1.8,-1.5,2.075,1.825,-1.5,,,,,
I1,2004-12-19,Lecce,Sampdoria,1,4,A,0,1,A,2.25,3.1,2.87,2.3,3.15,2.85,2.2,3.1,3.1,2.2,2.9,3.0,2.2,3.0,3.0,2.25,3.1,3.0,2.1,3.0,3.2,1.71,2.0,1.7,2.1,2.2,1.55,-0.5,1.98,1.86,-0.25,2.05,1.85,-0.25,,,,,
I1,2004-12-19,Palermo,Cagliari,3,0,H,3,0,H,1.8,3.0,4.33,1.85,2.95,4.5,1.9,2.95,4.25,1.85,2.9,4.0,1.91,3.0,3.75,1.85,3.0,4.33,1.95,2.87,3.8,1.95,1.75,1.95,1.85,1.9,1.74,-0.5,,,,1.925,1.975,-0.5,,,,,
I1,2004-12-19,Roma,Parma,5,1,H,2,1,H,1.53,3.4,6.0,1.5,3.8,6.0,1.52,3.6,6.0,1.6,3.3,4.8,1.53,3.25,6.0,1.53,3.5,6.0,1.53,3.5,5.5,1.79,1.9,1.85,1.95,1.52,2.25,-0.5,2.02,1.82,-1.0,2.025,1.875,-1.0,,,,,
I1,2004-12-19,Siena,Livorno,1,1,D,1,0,H,2.2,2.8,3.25,2.25,2.8,3.35,2.25,2.85,3.25,2.2,2.7,3.2,2.25,2.88,3.0,2.25,2.88,3.25,2.25,2.8,3.1,1.95,1.75,2.0,1.8,2.25,1.52,-0.5,1.92,1.92,-0.25,2.0,1.9,-0.25,,,,,
I1,2004-12-19,Udinese,Lazio,3,0,H,3,0,H,1.72,3.0,5.0,1.75,3.0,5.1,1.75,3.1,4.9,1.9,3.0,3.6,1.73,3.2,4.33,1.8,3.1,4.5,1.8,2.9,4.5,1.85,1.85,1.9,1.9,1.75,1.9,-0.5,1.9,1.94,-0.5,1.825,2.075,-0.5,,,,,
I1,2005-01-06,Atalanta,Fiorentina,1,0,H,0,0,D,2.87,2.87,2.37,2.85,2.9,2.45,2.9,2.8,2.5,3.0,2.7,2.3,3.0,2.88,2.25,3.0,2.88,2.4,3.1,2.75,2.3,2.15,1.6,2.37,1.53,1.42,2.5,0.5,1.94,1.9,0.0,1.975,1.925,0.0,,,,,
I1,2005-01-06,Brescia,Bologna,1,1,D,0,1,A,2.25,2.75,3.25,2.25,2.8,3.4,2.2,2.85,3.4,2.2,2.7,3.2,2.1,3.0,3.2,2.2,3.0,3.2,2.15,2.8,3.3,2.15,1.6,2.25,1.57,2.2,1.55,-0.5,2.02,1.82,-0.25,2.075,1.825,-0.25,,,,,
I1,2005-01-06,Cagliari,Messina,2,1,H,0,1,A,1.8,3.0,4.33,1.85,3.0,4.4,1.85,3.0,4.4,1.85,3.0,3.8,1.73,3.2,4.33,1.8,3.1,4.5,1.83,2.87,4.33,1.85,1.85,1.7,2.1,1.85,1.78,-0.5,1.82,2.02,-0.5,1.825,2.075,-0.5,,,,,
I1,2005-01-06,Chievo,Siena,1,3,A,0,1,A,1.8,3.0,4.33,1.75,3.05,5.0,1.8,3.0,4.75,1.8,3.0,4.0,1.73,3.2,4.33,1.75,3.1,4.8,1.72,3.0,4.8,2.05,1.65,2.15,1.66,1.8,1.84,-0.5,1.82,2.02,-0.5,1.85,2.05,-0.5,,,,,
I1,2005-01-06,Lazio,Roma,3,1,H,1,0,H,3.1,3.0,2.37,3.2,2.9,2.25,3.1,3.0,2.25,3.3,2.8,2.1,2.88,3.0,2.25,3.25,3.0,2.3,2.9,2.8,2.37,1.85,1.85,2.0,1.8,1.52,2.25,0.5,1.98,1.86,0.25,1.975,1.925,0.25,,,,,
I1,2005-01-06,Livorno,Inter,0,2,A,0,1,A,5.0,3.0,1.72,5.5,3.05,1.7,5.0,3.2,1.7,4.4,3.0,1.75,5.0,2.88,1.73,5.0,3.0,1.75,5.0,2.7,1.8,1.71,2.0,1.8,2.0,1.95,1.7,0.5,1.8,2.04,0.75,1.8,2.1,0.75,,,,,
I1,2005-01-06,Milan,Lecce,5,2,H,2,0,H,1.28,4.5,8.5,1.22,5.5,10.0,1.3,4.45,9.5,1.3,4.2,8.0,1.25,4.5,10.0,1.29,4.5,10.0,1.3,4.0,9.5,1.55,2.25,1.53,2.37,1.3,3.03,-0.5,1.76,2.08,-1.25,1.775,2.125,-1.25,,,,,
I1,2005-01-06,Parma,Juventus,1,1,D,0,0,D,6.0,3.2,1.57,5.5,3.4,1.6,5.5,3.2,1.65,4.4,3.1,1.7,6.0,3.2,1.57,6.0,3.3,1.57,6.0,3.0,1.6,1.85,1.85,2.1,1.7,2.02,1.65,0.5,2.0,1.84,0.75,2.0,1.9,0.75,,,,,
I1,2005-01-06,Reggina,Palermo,1,0,H,1,0,H,2.3,2.87,3.0,2.35,2.8,3.15,2.35,2.75,3.2,2.4,2.7,2.9,2.1,3.0,3.2,2.3,2.8,3.25,2.2,2.75,3.25,2.15,1.6,2.2,1.61,2.35,1.48,-0.5,1.94,1.9,-0.25,1.975,1.925,-0.25,,,,,
I1,2005-01-06,Sampdoria,Udinese,2,0,H,0,0,D,2.3,2.87,3.0,2.35,2.8,3.15,2.3,2.9,3.1,2.3,2.9,2.8,2.38,2.88,2.8,2.3,2.9,3.1,2.3,2.75,3.1,2.15,1.6,2.25,1.57,2.3,1.5,-0.5,2.1,1.74,-0.25,2.2,1.7,-0.25,,,,,
I1,2005-01-09,Bologna,Chievo,3,1,H,1,0,H,2.0,3.0,3.5,2.0,2.9,3.95,2.1,2.9,3.6,1.85,3.0,3.8,1.91,3.0,3.75,2.1,3.0,3.4,2.1,2.87,3.3,,,,,2.1,1.61,-0.5,1.76,2.08,-0.25,1.975,1.925,-0.25,,,,,
I1,2005-01-09,Fiorentina,Lazio,2,3,A,1,1,D,2.0,3.0,3.5,2.0,3.0,3.75,2.05,2.9,3.8,2.2,2.8,3.1,1.8,3.2,4.0,2.0,3.0,3.75,2.0,2.87,3.6,,,,,2.05,1.64,-0.5,1.88,1.96,-0.25,1.975,1.925,-0.25,,,,,
I1,2005-01-09,Inter,Sampdoria,3,2,H,0,1,A,1.53,3.5,7.0,1.45,3.75,6.95,1.57,3.3,6.5,1.6,3.1,5.2,1.5,3.4,6.0,1.53,3.5,7.0,1.53,3.1,6.5,,,,,1.57,2.19,-0.5,1.86,1.98,-1.0,1.975,1.925,-1.0,,,,,
I1,2005-01-09,Juventus,Livorno,4,2,H,2,1,H,1.22,4.5,13.0,1.2,5.5,12.0,1.22,5.2,11.0,1.2,4.8,11.0,1.2,5.0,11.0,1.2,5.5,12.0,1.22,5.0,9.5,,,,,1.22,3.53,-0.5,2.14,1.7,-1.75,1.95,1.95,-1.75,,,,,
I1,2005-01-09,Lecce,Reggina,1,1,D,1,1,D,2.0,3.0,3.5,1.8,3.0,4.7,1.95,3.0,4.0,1.8,3.0,4.0,1.91,3.0,3.75,1.9,3.0,4.2,1.95,2.8,4.0,,,,,1.95,1.71,-0.5,1.96,1.88,-0.5,1.775,2.125,-0.5,,,,,
I1,2005-01-09,Messina,Brescia,2,0,H,1,0,H,2.1,3.0,3.25,2.0,2.85,4.0,2.1,2.9,3.6,2.0,2.8,3.6,2.1,3.0,3.2,2.05,2.87,3.75,2.0,2.87,3.6,,,,,2.1,1.61,-0.5,1.78,2.06,-0.25,1.75,2.15,-0.25,,,,,
I1,2005-01-30,Reggina,Lazio,2,1,H,0,1,A,2.2,3.0,3.1,2.2,2.9,3.35,2.2,2.9,3.3,2.2,2.8,3.1,2.1,3.0,3.2,2.2,2.875,3.4,2.2,2.9,3.3,,,2.1,1.7,,,,2.08,1.76,-0.25,2.15,1.75,-0.25,,,,,
I1,2005-01-30,Roma,Messina,3,2,H,0,2,A,1.44,3.5,7.5,1.45,3.75,7.0,1.45,3.75,7.0,1.4,3.7,6.5,1.444,3.4,7.0,1.444,3.75,7.0,1.45,3.75,7.0,,,1.7,2.1,,,,1.7,2.14,-1.0,1.925,1.975,-1.25,,,,,
I1,2005-01-30,Sampdoria,Siena,1,1,D,0,0,D,1.61,3.2,5.5,1.6,3.15,6.25,1.62,3.1,6.25,1.6,3.2,5.0,1.571,3.25,5.5,1.667,3.2,5.5,1.62,3.1,6.25,,,2.3,1.6,,,,2.06,1.78,-0.75,1.9,2.0,-0.5,,,,,
I1,2005-02-02,Fiorentina,Palermo,1,2,A,0,0,D,2.1,2.8,3.4,2.25,2.85,3.25,2.2,2.9,3.3,2.2,2.8,3.1,2.1,2.8,3.4,2.2,2.88,3.4,2.2,2.75,3.25,2.15,1.6,2.3,1.6,2.2,1.54,-0.5,2.02,1.82,-0.25,1.975,1.925,-0.25,,,,,
I1,2005-02-02,Inter,Atalanta,1,0,H,1,0,H,1.25,4.5,10.0,1.2,5.45,12.0,1.25,5.0,10.0,1.25,4.3,10.0,1.25,4.5,10.0,1.22,5.0,12.0,1.22,5.0,9.5,1.65,2.05,1.75,2.05,1.6,1.89,-1.5,1.8,2.04,-1.5,1.825,2.075,-1.5,,,,,
I1,2005-02-02,Juventus,Sampdoria,0,1,A,0,1,A,1.36,4.0,7.0,1.4,3.85,7.95,1.37,4.0,8.25,1.35,4.0,7.0,1.4,3.5,8.0,1.4,4.0,8.5,1.36,3.75,8.0,1.9,1.79,2.05,1.75,1.96,1.55,-1.5,1.96,1.88,-1.0,1.975,1.925,-1.0,,,,,
I1,2005-02-02,Lazio,Brescia,0,0,D,0,0,D,1.72,3.2,4.5,1.8,3.15,4.4,1.8,3.1,4.5,1.65,3.1,4.8,1.83,3.0,4.0,1.75,3.25,4.5,1.7,3.0,5.0,1.85,1.85,1.95,1.85,1.8,1.84,-0.5,1.84,2.0,-0.5,1.875,2.025,-0.5,,,,,
I1,2005-02-02,Lecce,Roma,1,1,D,0,0,D,2.8,3.2,2.2,3.1,3.1,2.2,3.2,3.0,2.2,3.0,2.9,2.2,3.2,3.0,2.1,3.1,3.0,2.25,3.2,2.8,2.2,1.55,2.25,1.61,2.25,1.55,2.2,0.5,2.0,1.84,0.25,2.05,1.85,0.25,,,,,
I1,2005-02-02,Livorno,Reggina,1,1,D,0,1,A,2.1,2.75,3.5,2.15,2.8,3.6,2.1,2.9,3.6,2.1,2.9,3.2,2.1,2.8,3.4,2.1,2.88,3.5,2.1,2.7,3.6,2.05,1.65,2.37,1.55,2.1,1.61,-0.5,1.78,2.06,-0.25,1.8,2.1,-0.25,,,,,
I1,2005-02-02,Messina,Milan,1,4,A,1,2,A,4.33,3.2,1.72,4.75,3.15,1.75,5.0,3.1,1.73,4.6,3.0,1.7,5.0,2.88,1.73,5.0,3.1,1.73,5.0,3.0,1.7,1.95,1.75,2.2,1.65,1.91,1.73,0.5,1.76,2.08,0.75,1.775,2.125,0.75,,,,,
I1,2005-02-02,Siena,Cagliari,2,2,D,2,0,H,2.2,2.87,3.2,2.25,2.8,3.35,2.3,2.9,3.1,2.2,2.8,3.1,2.2,2.8,3.2,2.2,2.88,3.4,2.3,2.8,3.0,2.05,1.65,2.37,1.55,2.3,1.5,-0.5,1.8,2.04,-0.25,1.8,2.1,-0.25,,,,,
I1,2005-02-02,Udinese,Chievo,3,0,H,0,0,D,1.72,3.2,4.33,1.75,3.0,5.1,1.73,3.1,5.0,1.75,3.0,4.4,1.67,3.2,5.0,1.62,3.3,5.5,1.57,3.3,5.5,2.0,1.71,2.2,1.65,1.73,1.91,-0.5,1.96,1.88,-0.75,2.025,1.875,-0.75,,,,,
I1,2005-02-03,Bologna,Parma,3,1,H,0,0,D,1.9,3.0,3.75,2.15,2.85,3.5,2.0,2.8,4.1,2.1,2.8,3.3,1.91,3.0,3.75,2.0,2.88,4.0,1.83,2.87,4.33,2.05,1.65,2.3,1.6,2.0,1.66,-0.5,1.92,1.92,-0.25,1.95,1.95,-0.25,,,,,
I1,2005-02-05,Palermo,Juventus,1,0,H,1,0,H,4.5,3.0,1.8,3.65,3.05,2.0,4.75,3.0,1.8,3.6,3.0,1.9,4.33,3.0,1.8,4.5,3.1,1.8,4.2,3.0,1.8,2.15,1.6,2.38,1.55,1.84,1.8,0.5,1.82,2.02,0.5,1.85,2.05,0.5,,,,,
I1,2005-02-05,Sampdoria,Fiorentina,3,0,H,2,0,H,1.8,3.1,5.0,1.95,2.85,4.2,1.77,3.0,5.0,1.7,3.1,4.4,1.8,3.0,4.33,1.8,3.1,5.0,1.66,3.1,5.0,2.15,1.6,2.3,1.6,1.77,1.88,-0.5,1.98,1.86,-0.5,1.975,1.925,-0.5,,,,,
I1,2005-02-06,Atalanta,Livorno,1,0,H,1,0,H,2.38,2.88,2.88,2.6,3.05,2.6,2.5,2.8,2.9,2.5,2.8,2.7,2.75,3.0,2.38,2.6,2.88,2.7,2.5,2.75,2.8,2.15,1.6,2.3,1.6,2.5,1.42,-0.5,1.8,2.04,0.0,1.825,2.075,0.0,,,,,
I1,2005-02-27,Juventus,Siena,3,0,H,1,0,H,1.25,4.5,11.0,1.25,5.0,10.0,1.25,5.0,10.0,1.22,4.8,9.5,1.25,4.5,10.0,1.25,5.0,10.0,1.2,5.0,11.0,1.79,1.9,1.75,2.05,1.25,3.33,-0.5,1.96,1.88,-1.5,2.0,1.9,-1.5,,,,,
I1,2005-02-27,Lazio,Parma,2,0,H,1,0,H,2.0,3.0,3.5,2.0,2.95,3.8,2.0,2.9,3.9,1.9,2.9,3.8,1.91,3.0,3.75,1.91,3.1,4.0,1.83,3.0,4.0,1.85,1.85,2.1,1.7,2.0,1.66,-0.5,2.04,1.8,-0.5,2.05,1.85,-0.5,,,,,
I1,2005-02-27,Lecce,Messina,1,0,H,0,0,D,1.8,3.0,4.33,1.83,3.2,4.2,1.85,3.1,4.4,1.75,3.0,4.4,1.83,3.0,4.0,1.83,3.1,4.33,1.83,2.87,4.33,1.65,2.05,1.65,2.2,1.85,1.82,-0.5,1.76,2.08,-0.5,1.8,2.1,-0.5,,,,,
I1,2005-02-27,Palermo,Roma,2,0,H,0,0,D,2.37,3.0,2.75,2.3,3.0,3.0,2.4,2.95,2.95,2.4,2.9,2.7,2.38,3.0,2.75,2.4,3.0,2.88,2.3,2.9,2.9,1.95,1.75,2.05,1.75,2.4,1.48,-0.5,1.7,2.14,0.0,1.7,2.2,0.0,,,,,
I1,2005-02-27,Reggina,Chievo,1,0,H,1,0,H,1.8,3.0,4.33,1.85,3.0,4.4,1.85,3.0,4.5,1.85,2.8,4.2,1.8,3.0,4.33,1.85,3.0,4.5,1.8,3.0,4.2,2.05,1.65,2.2,1.65,1.85,1.8,-0.5,1.86,1.98,-0.5,1.85,2.05,-0.5,,,,,
I1,2005-03-05,Atalanta,Milan,1,2,A,0,0,D,6.5,3.4,1.5,7.5,3.6,1.45,7.5,3.6,1.45,5.0,3.4,1.55,6.5,3.25,1.5,6.5,3.6,1.5,7.0,3.5,1.44,1.71,2.0,2.3,1.6,1.47,2.12,1.5,1.78,2.06,1.0,1.8,2.1,1.0,,,,,
I1,2005-03-05,Roma,Juventus,1,2,A,1,2,A,2.8,3.0,2.6,2.7,2.9,2.6,2.75,2.9,2.55,2.6,2.8,2.6,2.62,2.88,2.5,2.75,3.0,2.6,2.62,2.9,2.5,1.79,1.9,2.2,1.65,1.41,2.55,0.5,1.9,1.94,0.0,1.975,1.925,0.0,,,,,
I1,2005-03-06,Fiorentina,Reggina,2,1,H,0,0,D,1.9,3.1,3.75,1.85,3.05,4.25,1.9,3.0,4.2,1.9,2.9,3.8,1.91,3.0,3.75,1.85,3.0,4.33,1.9,2.87,4.0,1.65,2.05,2.1,1.7,3.3,1.18,-1.5,1.84,2.0,-0.5,1.9,2.0,-0.5,,,,,
I1,2005-03-06,Inter,Lecce,2,1,H,1,1,D,1.4,4.0,9.0,1.35,4.3,8.0,1.35,4.2,8.25,1.35,4.0,7.0,1.36,3.75,8.0,1.4,4.0,8.5,1.33,3.75,9.0,2.25,1.55,1.6,2.3,1.91,1.58,-1.5,2.06,1.78,-1.25,2.125,1.775,-1.25,,,,,
I1,2005-03-06,Livorno,Palermo,2,2,D,0,1,A,2.62,2.8,2.62,2.7,2.75,2.75,2.65,2.75,2.8,2.5,2.7,2.8,2.5,2.75,2.8,2.6,2.88,2.7,2.4,2.75,2.9,1.6,2.15,2.4,1.53,2.65,1.39,-0.5,1.78,2.06,0.0,1.8,2.1,0.0,,,,,
I1,2005-03-06,Messina,Lazio,1,0,H,1,0,H,2.37,2.87,2.87,2.5,2.9,2.85,2.4,2.9,2.95,2.3,2.9,2.8,2.25,2.88,3.0,2.38,2.88,3.0,2.3,2.8,3.0,1.75,1.95,2.2,1.65,4.85,1.05,-1.5,2.04,1.8,-0.25,2.05,1.85,-0.25,,,,,
I1,2005-03-06,Parma,Cagliari,3,2,H,2,1,H,1.72,3.2,4.5,1.8,3.05,4.65,1.8,3.0,4.75,1.75,3.1,4.2,1.73,3.1,4.5,1.73,3.1,5.0,1.83,3.0,4.0,1.85,1.85,1.95,1.85,3.0,1.22,-1.5,1.92,1.92,-0.75,1.7,2.2,-0.5,,,,,
I1,2005-03-06,Sampdoria,Chievo,1,0,H,0,0,D,1.57,3.25,6.0,1.6,3.25,6.0,1.6,3.25,6.0,1.6,3.2,5.0,1.57,3.25,5.5,1.6,3.25,6.0,1.57,3.1,6.0,1.65,2.05,2.37,1.55,2.5,1.33,-1.5,1.88,1.96,-0.75,1.925,1.975,-0.75,,,,,
I1,2005-03-06,Siena,Brescia,2,3,A,0,2,A,1.9,3.1,3.75,1.9,3.1,4.0,1.93,3.0,4.0,2.0,2.7,3.8,1.83,3.0,4.0,2.0,2.88,4.0,1.9,2.87,4.0,1.65,2.05,2.4,1.53,3.45,1.15,-1.5,2.06,1.78,-0.5,2.1,1.8,-0.5,,,,,
I1,2005-03-06,Udinese,Bologna,0,1,A,0,1,A,1.72,3.0,5.0,1.8,3.0,4.75,1.8,3.0,4.75,1.7,3.0,4.6,1.73,2.88,5.0,1.75,3.1,4.75,1.7,3.0,5.0,1.65,2.05,2.37,1.55,3.0,1.22,-1.5,2.08,1.76,-0.75,2.125,1.775,-0.75,,,,,
I1,2005-03-12,Lazio,Inter,1,1,D,1,0,H,3.1,3.0,2.37,3.4,2.95,2.15,3.3,2.9,2.2,2.8,2.8,2.4,3.0,3.0,2.2,3.2,3.0,2.3,3.1,2.87,2.2,1.95,1.75,2.0,1.8,1.54,2.2,0.5,1.84,2.0,0.25,1.875,2.025,0.25,,,,,
I1,2005-03-12,Lecce,Fiorentina,2,2,D,2,0,H,2.0,3.1,3.4,2.05,3.25,3.25,2.0,3.2,3.5,2.0,2.9,3.4,1.91,3.2,3.5,2.0,3.1,3.6,1.9,3.0,3.75,1.7,2.0,1.8,2.0,2.0,1.67,-0.5,2.08,1.76,-0.5,2.15,1.75,-0.5,,,,,
I1,2005-03-13,Atalanta,Parma,1,0,H,0,0,D,2.4,3.0,2.75,2.45,3.0,2.8,2.5,2.9,2.75,2.4,2.8,2.8,2.38,3.0,2.75,2.4,3.0,2.88,2.5,2.8,2.75,2.05,1.65,2.2,1.65,2.45,1.45,-0.5,1.78,2.06,0.0,1.8,2.1,0.0,,,,,
I1,2005-03-13,Bologna,Siena,1,1,D,0,0,D,1.72,3.0,5.0,1.8,3.1,4.5,1.7,3.1,5.1,1.75,2.9,4.6,1.73,2.88,5.0,1.73,3.1,5.0,1.72,3.0,4.8,2.0,1.7,2.2,1.65,1.75,1.89,-0.5,1.86,1.98,-0.5,1.9,2.0,-0.5,,,,,
I1,2005-03-13,Brescia,Livorno,2,3,A,1,0,H,2.0,2.87,3.75,2.05,2.85,3.8,2.1,2.9,3.5,2.0,2.8,3.6,2.0,2.88,3.6,2.0,2.88,4.0,2.15,2.9,3.2,2.15,1.6,2.4,1.53,2.1,1.59,-0.5,1.98,1.86,-0.5,2.025,1.875,-0.5,,,,,
I1,2005-03-13,Cagliari,Roma,3,0,H,2,0,H,2.6,2.87,2.6,2.6,2.9,2.7,2.55,2.9,2.7,2.55,2.9,2.55,2.5,2.88,2.62,2.6,2.88,2.7,2.5,2.9,2.62,1.75,1.95,1.8,2.0,2.55,1.4,-0.5,1.88,1.96,0.0,1.9,2.0,0.0,,,,,
I1,2005-03-13,Chievo,Juventus,0,1,A,0,0,D,5.5,3.4,1.57,6.5,3.55,1.5,5.9,3.2,1.6,5.0,3.2,1.6,6.0,3.4,1.5,6.0,3.4,1.57,6.0,3.1,1.57,2.0,1.7,2.1,1.7,2.07,1.6,0.5,1.96,1.88,0.75,1.925,1.975,0.75,,,,,
I1,2005-03-13,Milan,Sampdoria,1,0,H,0,0,D,1.5,3.4,6.5,1.45,3.65,7.5,1.45,3.5,7.5,1.45,3.5,6.0,1.44,3.6,6.5,1.5,3.4,7.0,1.44,3.6,6.5,1.95,1.75,2.1,1.7,1.5,2.31,-0.5,2.02,1.82,-1.0,2.05,1.85,-1.0,,,,,
I1,2005-03-13,Palermo,Udinese,1,5,A,0,3,A,2.2,2.8,2.6,2.2,2.75,3.55,2.15,2.8,3.5,2.0,2.8,3.6,2.0,2.8,3.75,2.2,2.88,3.4,2.05,2.8,3.6,2.15,1.6,2.4,1.53,2.15,1.56,-0.5,1.9,1.94,-0.25,1.9,2.0,-0.25,,,,,
I1,2005-03-13,Reggina,Messina,0,2,A,0,2,A,1.9,2.9,4.0,2.0,2.85,4.0,2.0,2.9,3.9,1.9,2.8,4.0,1.83,2.88,4.33,1.95,3.0,4.0,1.95,2.75,4.0,2.0,1.7,2.25,1.62,2.0,1.66,-0.5,1.98,1.86,-0.5,2.05,1.85,-0.5,,,,,
I1,2005-03-19,Juventus,Reggina,1,0,H,0,0,D,1.25,4.5,11.0,1.25,5.0,10.0,1.22,5.25,11.0,1.25,4.5,9.0,1.25,4.5,10.0,1.25,5.0,10.0,1.22,5.0,9.5,1.79,1.9,1.85,1.95,1.22,3.55,-0.5,1.9,1.94,-1.5,1.95,1.95,-1.5,,,,,
I1,2005-03-19,Siena,Lazio,1,0,H,0,0,D,2.37,2.87,2.87,2.4,2.9,2.95,2.37,2.9,3.0,2.3,2.7,3.0,2.38,2.8,2.88,2.38,2.88,3.0,2.4,2.87,2.8,2.0,1.71,2.15,1.66,2.37,1.47,-0.5,1.74,2.1,0.0,1.75,2.15,0.0,,,,,
I1,2005-03-20,Chievo,Brescia,3,1,H,0,1,A,1.9,3.1,3.75,1.9,3.15,3.95,1.91,3.1,3.95,2.0,3.0,3.3,1.91,3.0,3.75,1.91,3.1,4.0,1.95,2.87,3.8,2.15,1.6,2.25,1.61,1.91,1.74,-0.5,1.88,1.96,-0.5,1.925,1.975,-0.5,,,,,
I1,2005-03-20,Inter,Fiorentina,3,2,H,1,1,D,1.44,3.8,8.0,1.45,3.65,7.5,1.45,3.75,7.0,1.45,3.6,5.8,1.4,3.6,7.5,1.44,4.0,7.5,1.36,3.75,8.0,1.79,1.9,1.8,2.0,2.12,1.47,-1.5,2.1,1.74,-1.25,2.15,1.75,-1.25,,,,,
I1,2005-03-20,Livorno,Cagliari,3,3,D,2,2,D,2.0,3.0,3.5,2.1,2.85,3.7,2.05,2.9,3.75,1.9,2.8,4.0,1.91,3.0,3.75,2.05,3.0,3.6,1.95,2.87,3.8,1.95,1.75,2.0,1.8,2.05,1.64,-0.5,2.04,1.8,-0.5,2.0,1.9,-0.5,,,,,
I1,2005-03-20,Messina,Bologna,0,0,D,0,0,D,2.1,2.75,3.6,2.2,2.7,3.65,2.2,2.85,3.4,2.2,2.6,3.3,2.1,2.8,3.4,2.2,2.8,3.5,2.15,2.75,3.4,2.15,1.6,2.37,1.55,2.2,1.55,-0.5,2.0,1.84,-0.25,2.05,1.85,-0.25,,,,,
I1,2005-03-20,Parma,Palermo,3,3,D,1,2,A,2.3,2.87,3.0,2.55,2.75,2.9,2.5,2.8,2.9,2.3,2.7,3.0,2.25,3.0,2.88,2.5,2.8,2.9,2.3,2.8,3.0,1.95,1.75,2.1,1.7,2.5,1.42,-0.5,2.06,1.78,-0.25,2.1,1.8,-0.25,,,,,
I1,2005-04-17,Bologna,Lazio,1,2,A,1,0,H,2.25,2.7,3.3,2.35,2.5,3.65,2.25,2.6,3.55,2.2,2.6,3.3,2.2,2.62,3.5,2.25,2.75,3.4,2.25,2.5,3.6,2.15,1.6,2.3,1.6,,,,2.02,1.82,-0.25,2.1,1.8,-0.25,,,,,
I1,2005-04-17,Brescia,Atalanta,1,0,H,0,0,D,2.2,3.2,2.87,2.25,3.05,3.05,2.1,3.15,3.15,2.2,2.9,3.0,2.2,3.0,3.0,2.2,3.1,3.1,2.1,3.2,3.0,2.05,1.65,2.15,1.66,2.1,1.58,-0.5,1.96,1.88,-0.25,1.95,1.95,-0.25,,,,,
I1,2005-04-17,Chievo,Parma,2,0,H,0,0,D,2.25,2.87,3.1,2.35,2.8,3.2,2.25,2.8,3.2,2.3,2.8,2.9,2.25,2.88,3.0,2.3,3.0,3.0,2.25,2.75,3.2,2.05,1.65,2.2,1.65,2.25,1.49,-0.5,2.08,1.76,-0.25,2.125,1.775,-0.25,,,,,
I1,2005-04-17,Inter,Cagliari,2,0,H,1,0,H,1.36,4.0,7.5,1.4,3.85,8.0,1.35,4.0,8.0,1.4,3.7,6.5,1.36,3.75,8.0,1.36,4.0,8.5,1.33,3.75,9.0,1.71,2.0,1.75,2.05,2.0,1.54,-1.5,1.94,1.9,-1.25,2.0,1.9,-1.25,,,,,
I1,2005-04-17,Juventus,Lecce,5,2,H,3,1,H,1.25,5.0,8.5,1.25,5.25,9.0,1.25,5.0,9.0,1.25,4.5,9.0,1.25,4.5,10.0,1.25,5.0,10.0,1.2,5.0,11.0,1.65,2.05,1.7,2.1,,,,2.06,1.78,-1.5,2.075,1.825,-1.5,,,,,
I1,2005-04-17,Livorno,Fiorentina,2,0,H,2,0,H,2.3,2.75,3.2,2.45,2.5,3.45,2.35,2.7,3.15,2.3,2.6,3.1,2.2,2.8,3.2,2.3,2.8,3.2,2.3,2.6,3.25,2.05,1.65,2.2,1.65,2.35,1.45,-0.5,2.08,1.76,-0.25,2.125,1.775,-0.25,,,,,
I1,2005-04-17,Siena,Milan,2,1,H,0,0,D,5.5,3.4,1.57,6.25,3.4,1.55,6.2,3.4,1.53,5.0,3.2,1.6,6.0,3.4,1.5,6.0,3.4,1.57,7.0,3.2,1.5,2.05,1.65,2.3,1.6,2.2,1.53,0.5,1.8,2.04,1.0,1.8,2.1,1.0,,,,,
I1,2005-04-20,Cagliari,Lazio,1,1,D,0,0,D,2.2,2.6,3.6,2.4,2.6,3.35,2.3,2.6,3.4,2.2,2.5,3.5,2.0,2.7,4.0,2.1,2.88,3.6,2.25,2.62,3.3,2.0,1.71,,,2.3,1.47,-0.5,1.98,1.86,-0.25,2.025,1.875,-0.25,,,,,
I1,2005-04-20,Fiorentina,Messina,1,1,D,0,0,D,1.72,3.0,5.0,1.8,3.1,4.6,1.75,3.1,4.5,1.75,3.0,4.4,1.73,2.88,5.0,1.91,3.0,4.2,1.72,3.1,4.5,1.85,1.85,,,2.75,1.22,-1.5,1.88,1.96,-0.75,1.9,2.0,-0.75,,,,,
I1,2005-04-20,Juventus,Inter,0,1,A,0,1,A,2.0,2.87,4.33,1.9,3.0,4.15,1.91,3.0,4.33,1.75,2.9,4.6,1.8,3.2,4.0,1.91,3.0,4.5,1.9,2.87,4.0,2.0,1.71,,,1.91,1.77,-0.5,1.98,1.86,-0.5,1.975,1.925,-0.5,,,,,
I1,2005-04-20,Lecce,Bologna,1,1,D,1,1,D,2.2,2.6,3.6,2.4,2.6,3.4,2.2,2.7,3.5,2.2,2.4,3.7,2.25,2.75,3.2,2.2,2.75,3.6,2.15,2.6,3.6,1.85,1.85,,,2.2,1.52,-0.5,1.96,1.88,-0.25,2.0,1.9,-0.25,,,,,
I1,2005-04-20,Milan,Chievo,1,0,H,0,0,D,1.22,5.0,11.0,1.17,6.0,13.0,1.2,5.0,12.0,1.22,4.8,9.5,1.17,5.5,12.0,1.22,5.25,11.0,1.22,5.0,9.5,1.71,2.0,,,,,,1.96,1.88,-1.5,2.025,1.875,-1.5,,,,,
I1,2005-04-20,Palermo,Brescia,3,3,D,2,2,D,1.57,3.3,5.5,1.65,3.2,5.5,1.6,3.2,5.75,1.55,3.3,5.2,1.62,3.25,5.0,1.62,3.3,5.5,1.57,3.3,5.5,2.0,1.71,,,1.6,2.06,-0.5,1.9,1.94,-0.75,1.95,1.95,-0.75,,,,,
I1,2005-04-20,Parma,Sampdoria,1,1,D,1,1,D,2.37,2.87,2.87,2.5,2.9,2.8,2.5,2.7,2.9,2.4,2.7,2.9,2.38,2.88,2.8,2.38,2.88,3.0,2.37,2.7,3.0,2.05,1.65,,,2.5,1.4,-0.5,1.72,2.12,0.0,1.7,2.2,0.0,,,,,
I1,2005-04-20,Reggina,Atalanta,0,0,D,0,0,D,1.9,2.87,4.0,1.9,3.1,4.0,1.87,3.0,4.1,1.9,3.0,3.6,2.0,3.2,3.2,2.0,3.1,3.6,1.83,3.0,4.0,2.15,1.6,,,1.87,1.73,-0.5,2.04,1.8,-0.5,2.075,1.825,-0.5,,,,,
I1,2005-04-20,Roma,Siena,0,2,A,0,0,D,1.66,3.2,5.0,1.65,3.4,5.0,1.65,3.25,5.0,1.65,3.2,4.6,1.62,3.25,5.0,1.62,3.3,5.5,1.61,3.3,5.0,1.75,1.95,,,1.65,1.97,-0.5,1.88,1.96,-0.75,1.9,2.0,-0.75,,,,,
I1,2005-04-20,Udinese,Livorno,1,1,D,1,0,H,1.61,3.2,5.5,1.65,3.25,5.4,1.6,3.1,6.0,1.6,3.2,5.0,1.67,3.1,5.0,1.62,3.2,6.0,1.57,3.3,5.5,1.75,1.95,,,1.6,2.04,-0.5,1.78,2.06,-0.75,1.775,2.125,-0.75,,,,,
I1,2005-04-23,Milan,Parma,3,0,H,1,0,H,1.4,3.75,7.5,1.35,4.0,9.0,1.35,4.0,9.0,1.4,3.7,6.5,1.3,4.0,9.0,1.3,4.5,9.0,1.28,4.5,8.0,1.95,1.75,2.0,1.8,,,,2.04,1.8,-1.25,2.125,1.75,-1.25,,,,,
I1,2005-04-23,Siena,Udinese,2,3,A,1,1,D,2.5,2.87,2.7,2.5,2.75,2.95,2.45,2.8,2.9,2.4,2.7,2.9,2.25,2.88,3.0,2.5,2.75,3.0,2.5,2.8,2.75,2.0,1.71,2.05,1.75,2.45,1.42,-0.5,1.76,2.08,0.0,1.85,2.05,0.0,,,,,
I1,2005-04-24,Atalanta,Palermo,1,0,H,0,0,D,2.5,3.0,2.62,2.7,3.15,2.45,2.6,3.0,2.5,2.6,2.8,2.6,2.5,2.88,2.62,2.5,3.0,2.7,2.5,2.9,2.62,2.05,1.65,2.2,1.65,1.39,2.5,0.5,,,,1.9,2.0,0.0,,,,,
I1,2005-04-24,Bologna,Fiorentina,0,0,D,0,0,D,2.25,2.62,3.4,2.25,2.6,3.65,2.2,2.6,3.75,2.1,2.6,3.6,2.2,2.62,3.5,2.2,2.75,3.6,2.0,2.87,3.6,2.05,1.65,2.15,1.66,,,,2.04,1.8,-0.25,2.05,1.85,-0.25,,,,,
I1,2005-04-24,Brescia,Reggina,2,0,H,0,0,D,2.0,3.0,3.5,2.0,3.0,3.7,2.05,2.9,3.55,2.1,2.7,3.5,2.0,3.0,3.4,2.0,2.88,4.0,2.05,2.87,3.5,1.95,1.75,2.15,1.66,2.05,1.6,-0.5,1.74,2.1,-0.25,1.95,1.95,-0.5,,,,,
I1,2005-04-24,Chievo,Cagliari,1,1,D,1,0,H,1.9,2.9,4.0,2.0,3.0,3.8,1.95,3.0,3.75,1.85,2.9,4.0,1.91,3.0,3.75,1.91,3.0,4.2,1.83,3.0,4.0,1.95,1.75,2.05,1.75,1.95,1.67,-0.5,1.92,1.92,-0.5,1.9,2.0,-0.5,,,,,
I1,2005-04-24,Lazio,Juventus,0,1,A,0,0,D,3.25,3.0,2.1,3.2,3.0,2.2,3.25,2.85,2.2,3.2,2.9,2.1,3.75,3.0,1.91,3.75,3.0,2.1,3.75,3.0,1.9,2.0,1.71,2.1,1.7,1.52,2.2,0.5,1.74,2.1,0.5,2.05,1.85,0.25,,,,,
I1,2005-04-24,Livorno,Lecce,1,0,H,0,0,D,2.0,2.7,4.0,2.0,2.8,4.15,1.95,2.75,4.25,2.0,2.6,4.0,1.83,2.88,4.33,2.0,2.75,4.2,2.0,2.75,3.8,1.85,1.85,1.75,2.05,1.95,1.67,-0.5,1.78,2.06,-0.25,1.8,2.1,-0.25,,,,,
I1,2005-04-24,Messina,Inter,2,1,H,0,0,D,3.5,3.0,2.0,3.85,2.95,2.0,3.9,2.8,2.0,3.5,2.7,2.1,3.75,2.8,2.0,4.2,2.75,2.0,4.2,2.75,1.9,1.95,1.75,2.05,1.75,1.64,2.0,0.5,1.74,2.1,0.5,1.75,2.125,0.5,,,,,
I1,2005-04-24,Sampdoria,Roma,2,1,H,1,0,H,1.72,3.25,4.33,1.85,3.25,4.05,1.8,3.0,4.5,1.7,3.1,4.4,1.73,3.2,4.33,1.83,3.1,4.33,1.8,3.0,4.2,1.95,1.75,2.0,1.8,1.8,1.8,-0.5,1.82,2.02,-0.5,1.825,2.075,-0.5,,,,,
I1,2005-04-30,Cagliari,Reggina,1,1,D,0,1,A,,,,,,,2.5,1.63,6.5,,,,,,,,,,,,,,,,,,,,,,,,,,,,,,
I1,2005-04-30,Fiorentina,Milan,1,2,A,1,0,H,4.5,3.25,1.83,4.3,3.25,1.8,4.0,3.2,1.8,4.2,3.1,1.75,4.5,3.2,1.7,4.5,3.3,1.8,4.33,3.2,1.72,2.0,1.71,2.2,1.65,,,,1.92,1.92,0.5,1.7,2.2,0.75,,,,,
I1,2005-05-01,Inter,Siena,2,0,H,2,0,H,1.4,3.75,7.0,1.45,3.5,8.0,1.4,3.75,7.6,1.45,3.5,6.0,1.4,3.75,7.0,1.44,3.75,7.0,1.33,4.0,8.0,1.75,1.95,1.8,2.0,2.08,1.48,-1.5,2.1,1.74,-1.25,1.9,2.0,-1.0,,,,,
I1,2005-05-01,Juventus,Bologna,2,1,H,2,1,H,1.3,4.33,8.0,1.3,4.45,9.5,1.3,4.35,9.0,1.27,4.3,8.5,1.29,4.0,10.0,1.3,4.5,9.0,1.25,5.0,8.0,1.95,1.75,2.0,1.8,1.83,1.64,-1.5,1.82,2.02,-1.25,1.875,2.025,-1.25,,,,,
I1,2005-05-01,Lecce,Lazio,5,3,H,2,1,H,1.9,3.1,3.75,1.95,3.05,3.8,1.85,3.1,4.0,1.8,2.9,4.2,2.0,3.0,3.4,1.91,3.2,3.75,1.9,3.0,3.75,1.75,1.95,1.8,2.0,,,,1.76,2.08,-0.25,1.75,2.15,-0.25,,,,,
I1,2005-05-01,Messina,Sampdoria,2,2,D,1,1,D,2.75,2.5,2.8,3.0,2.3,3.0,2.75,2.35,3.0,2.6,2.4,3.0,2.75,2.38,3.0,2.75,2.4,3.1,2.62,2.5,2.87,2.25,1.55,2.35,1.57,,,,1.86,1.98,0.0,1.9,2.0,0.0,,,,,
I1,2005-05-01,Palermo,Chievo,2,2,D,2,1,H,1.72,3.2,4.33,1.75,3.2,4.7,1.72,3.15,4.7,1.65,3.2,4.6,1.73,3.2,4.33,1.75,3.25,4.5,1.72,3.2,4.33,2.0,1.71,2.2,1.65,1.72,1.89,-0.5,1.84,2.0,-0.5,1.85,2.05,-0.5,,,,,
I1,2005-05-01,Parma,Livorno,6,4,H,3,2,H,1.57,3.5,5.0,1.5,3.6,6.4,1.55,3.5,5.5,1.5,3.5,5.4,1.5,3.4,6.0,1.57,3.5,5.5,1.57,3.5,5.0,1.95,1.75,1.9,1.9,,,,1.7,2.14,-0.75,2.0,1.9,-1.0,,,,,
I1,2005-05-01,Roma,Brescia,2,2,D,1,0,H,1.66,3.2,5.0,1.6,3.4,5.5,1.6,3.3,5.5,1.75,3.1,4.2,1.67,3.25,4.5,1.62,3.4,5.25,1.66,3.3,4.5,1.79,1.9,1.85,1.95,1.6,2.06,-0.5,1.92,1.92,-0.75,1.95,1.95,-0.75,,,,,
I1,2005-05-01,Udinese,Atalanta,2,1,H,2,1,H,1.61,3.25,5.0,1.6,3.5,5.35,1.6,3.4,5.25,1.6,3.3,4.8,1.62,3.5,4.5,1.62,3.5,5.0,1.57,3.5,5.0,1.95,1.75,2.05,1.75,1.6,2.06,-0.5,,,,1.875,2.025,-0.75,,,,,
I1,2005-05-08,Atalanta,Messina,2,1,H,0,1,A,1.57,3.5,5.0,1.65,3.65,4.5,1.65,3.4,4.7,1.65,3.3,4.4,1.62,3.25,5.0,1.62,3.5,5.0,1.53,3.6,5.0,1.6,2.15,1.75,2.05,1.65,1.97,-0.5,,,,1.775,2.125,-0.75,,,,,
I1,2005-05-08,Brescia,Inter,0,3,A,0,0,D,2.87,3.0,2.3,2.95,2.9,2.4,2.95,2.9,2.35,3.0,2.7,2.3,3.0,2.88,2.25,3.0,2.88,2.4,3.0,2.87,2.25,1.85,1.85,1.85,1.95,1.46,2.35,0.5,2.08,1.76,0.0,2.125,1.775,0.0,,,,,
I1,2005-05-08,Cagliari,Palermo,0,0,D,0,0,D,3.1,1.66,5.0,3.25,1.65,5.15,2.9,1.65,5.0,,,,,,,,,,,,,,,2.1,1.7,,,,,,,1.825,2.075,0.0,,,,,
I1,2005-05-08,Chievo,Fiorentina,1,2,A,0,1,A,2.3,2.62,3.3,2.4,2.7,3.15,2.3,2.7,3.25,2.2,2.8,3.1,2.2,2.8,3.2,2.25,2.8,3.3,2.2,2.8,3.2,2.05,1.65,2.2,1.65,2.3,1.47,-0.5,2.02,1.82,-0.25,2.025,1.875,-0.25,,,,,
I1,2005-05-08,Lazio,Udinese,0,1,A,0,0,D,2.8,2.5,2.75,2.7,2.4,3.2,2.6,2.45,3.1,2.7,2.4,2.9,2.75,2.6,2.7,2.8,2.5,2.88,2.75,2.5,2.75,,,1.65,2.2,,,,1.94,1.9,0.0,2.0,1.9,0.0,,,,,
I1,2005-05-08,Livorno,Siena,3,6,A,1,2,A,3.25,1.83,3.75,3.35,1.85,3.5,3.0,1.8,4.0,,,,,,,,,,,,,,,1.9,1.9,,,,,,,2.05,1.85,0.0,,,,,
I1,2005-05-08,Milan,Juventus,0,1,A,0,1,A,2.2,2.87,3.6,2.1,2.85,3.7,2.1,2.85,3.75,2.0,2.8,3.6,2.0,3.0,3.4,2.1,2.88,3.6,2.1,2.8,3.4,2.15,1.6,2.2,1.65,2.1,1.62,-0.5,1.94,1.9,-0.25,1.95,1.95,-0.25,,,,,
I1,2005-05-08,Parma,Roma,2,1,H,0,1,A,2.1,2.8,3.5,2.35,2.7,3.25,2.15,2.65,3.6,2.2,2.6,3.3,2.1,2.62,3.75,2.25,2.7,3.5,2.1,2.6,3.75,1.6,2.15,1.7,2.1,2.15,1.53,-0.5,,,,1.825,2.075,-0.25,,,,,
I1,2005-05-08,Reggina,Bologna,1,1,D,1,1,D,,,,3.45,1.45,7.0,3.25,1.45,7.0,,,,,,,,,,,,,,,,,,,,,,,1.55,2.35,0.0,,,,,
I1,2005-05-08,Sampdoria,Lecce,3,0,H,2,0,H,1.53,3.6,5.5,1.5,3.55,6.4,1.5,3.5,6.15,1.45,3.6,5.8,1.5,3.4,6.0,1.53,3.5,6.0,1.44,3.6,6.5,1.45,2.5,1.65,2.2,1.5,2.23,-0.5,1.88,1.96,-1.0,1.95,1.95,-1.0,,,,,
I1,2005-05-15,Bologna,Brescia,1,2,A,0,0,D,,,,2.1,2.65,3.75,2.15,2.6,3.8,,,,2.1,2.7,3.6,2.25,2.62,3.6,2.2,2.6,3.5,,,,,2.15,1.54,-0.5,,,,,,,,,,,
I1,2005-05-15,Fiorentina,Atalanta,0,0,D,0,0,D,1.61,3.25,5.0,1.6,3.5,5.2,1.6,3.5,5.0,1.65,3.3,4.4,1.57,3.5,5.0,1.62,3.4,5.25,1.66,3.5,4.2,1.95,1.71,,,1.6,2.06,-0.5,,,,1.85,2.05,-0.75,,,,,
I1,2005-05-15,Inter,Livorno,1,0,H,1,0,H,1.28,4.33,8.5,1.3,4.6,9.0,1.3,4.45,8.5,1.35,4.0,7.0,1.25,4.5,10.0,1.33,4.33,8.5,1.28,4.33,8.5,2.6,1.4,,,1.85,1.63,-1.5,,,,1.8,2.1,-1.25,,,,,
I1,2005-05-15,Juventus,Parma,2,0,H,2,0,H,1.3,4.0,9.5,1.28,4.6,10.0,1.28,4.5,9.0,1.35,4.0,7.0,1.22,5.0,10.0,1.3,4.5,9.0,1.25,4.5,10.0,1.75,1.9,,,1.81,1.66,-1.5,,,,2.0,1.9,-1.25,,,,,
I1,2005-05-15,Lecce,Milan,2,2,D,0,1,A,5.5,3.4,1.53,4.6,4.25,1.55,4.5,4.0,1.57,4.6,3.4,1.6,5.5,3.5,1.53,5.5,3.5,1.57,4.5,3.5,1.61,2.3,1.5,,,2.12,1.57,0.5,,,,1.975,1.925,1.0,,,,,
I1,2005-05-15,Messina,Cagliari,2,1,H,1,0,H,,,,2.0,2.0,6.5,2.0,2.1,6.5,,,,,,,,,,1.95,2.15,7.0,,,,,,,,,,,,,,,,,,
I1,2005-05-15,Palermo,Reggina,1,1,D,0,1,A,,,,2.6,1.65,5.8,2.5,1.65,5.7,,,,,,,,,,,,,,,,,,,,,,,,,,,,,,
I1,2005-05-15,Roma,Lazio,0,0,D,0,0,D,,,,2.8,1.9,4.0,2.7,1.85,3.7,,,,,,,,,,2.75,1.9,4.2,,,,,,,,,,,,,,,,,,
I1,2005-05-15,Siena,Chievo,0,1,A,0,0,D,2.0,2.75,3.8,2.05,2.8,3.9,2.05,2.75,3.8,2.0,2.8,3.6,2.0,2.8,3.75,2.0,2.88,4.0,1.9,2.87,4.0,1.79,1.85,,,2.05,1.6,-0.5,,,,1.775,2.125,-0.25,,,,,
I1,2005-05-15,Udinese,Sampdoria,1,1,D,1,1,D,2.2,3.0,3.0,2.2,2.75,3.55,2.15,2.85,3.5,2.1,2.8,3.3,2.1,3.0,3.2,2.2,2.88,3.4,2.1,2.87,3.3,1.6,2.1,,,2.15,1.57,-0.5,,,,1.95,1.95,-0.25,,,,,
I1,2005-05-20,Milan,Palermo,3,3,D,3,1,H,2.25,2.5,4.33,2.1,2.5,4.3,2.15,2.45,4.0,2.1,2.5,3.6,2.0,2.5,4.5,2.15,2.5,4.5,2.1,2.37,4.33,2.0,1.61,,,2.05,1.57,-0.5,,,,1.95,1.95,-0.25,,,,,
I1,2005-05-22,Atalanta,Roma,0,1,A,0,0,D,2.37,3.4,2.5,2.5,3.3,2.5,2.45,3.3,2.5,2.4,3.2,2.4,2.2,3.25,2.75,2.4,3.4,2.6,2.3,3.4,2.5,1.8,1.8,,,2.45,1.42,-0.5,,,,1.95,1.95,0.0,,,,,
I1,2005-05-22,Brescia,Messina,2,1,H,0,0,D,1.36,4.0,7.5,1.33,4.6,7.5,1.31,4.25,7.5,1.35,4.4,6.0,1.33,4.33,7.0,1.36,4.2,7.5,1.28,4.5,8.0,,,,,,,,,,,2.0,1.9,-1.0,,,,,
I1,2005-05-22,Cagliari,Udinese,1,1,D,0,0,D,4.5,3.3,1.66,4.1,3.3,1.8,4.0,3.3,1.7,3.4,3.2,1.9,4.33,3.2,1.72,4.33,3.2,1.8,4.0,3.1,1.8,1.85,1.74,,,,,,,,,1.75,2.15,0.75,,,,,
I1,2005-05-22,Chievo,Bologna,1,0,H,0,0,D,2.1,2.75,3.6,2.1,2.75,3.8,2.15,2.7,3.6,2.1,2.7,3.5,2.0,2.62,4.0,2.2,2.75,3.5,2.05,2.7,3.75,2.0,1.61,,,2.15,1.54,-0.5,,,,1.875,2.025,-0.25,,,,,
I1,2005-05-22,Lazio,Fiorentina,1,1,D,1,1,D,3.5,2.0,3.0,3.3,2.05,3.1,3.25,2.05,3.0,,,,,,,3.5,2.1,2.9,3.2,2.0,3.2,,,,,1.26,2.95,0.5,,,,1.75,2.15,0.25,,,,,
I1,2005-05-22,Livorno,Juventus,2,2,D,0,1,A,,,,6.7,2.0,2.15,6.25,2.0,2.15,5.0,1.9,2.2,5.0,2.0,2.37,7.0,2.0,2.3,,,,,,,,1.52,2.15,0.5,,,,2.0,1.9,0.25,,,,,
I1,2005-05-22,Parma,Siena,0,0,D,0,0,D,2.0,2.37,5.0,1.95,2.37,6.0,1.9,2.35,5.75,1.85,2.4,5.0,1.8,2.6,5.5,2.0,2.38,5.5,1.83,2.4,6.0,1.8,1.8,,,1.9,1.67,-0.5,,,,2.0,1.9,-0.5,,,,,
I1,2005-05-22,Reggina,Lecce,2,2,D,2,2,D,,,,3.75,1.4,7.65,,,,,,,,,,,,,,,,,,,,,,,,,,1.6,2.3,0.0,,,,,
I1,2005-05-22,Sampdoria,Inter,0,1,A,0,1,A,1.57,3.5,5.0,1.6,3.7,4.8,1.55,3.5,5.0,,,,1.57,3.5,5.0,1.6,3.5,5.25,1.5,3.4,6.0,,,,,1.55,2.06,-0.5,,,,2.1,1.8,-0.75,,,,,
I1,2005-05-29,Bologna,Sampdoria,0,0,D,0,0,D,1.8,4.0,3.25,1.75,4.0,3.45,1.77,4.0,3.45,,,,1.83,3.75,3.2,1.75,4.0,3.6,,,,1.95,1.65,,,1.75,1.85,-0.5,,,,1.8,2.1,-0.5,,,,,
I1,2005-05-29,Fiorentina,Brescia,3,0,H,1,0,H,1.61,4.0,4.0,1.65,4.25,3.7,1.62,4.2,4.0,1.8,3.5,3.4,1.67,3.6,4.0,1.727,3.75,3.8,1.7,3.75,3.75,1.7,1.9,,,1.6,2.05,-0.5,,,,2.15,1.75,-0.75,,,,,
I1,2005-05-29,Inter,Reggina,0,0,D,0,0,D,1.72,2.37,8.5,1.75,2.35,9.0,1.75,2.3,9.5,1.7,2.0,9.0,1.73,2.38,8.0,,,,,,,1.65,1.95,,,,,,,,,1.95,1.95,-0.5,,,,,
I1,2005-05-29,Juventus,Cagliari,4,2,H,1,0,H,1.39,3.5,8.5,1.4,3.5,9.0,1.4,3.55,8.5,1.45,3.5,6.0,1.4,3.4,9.0,1.4,3.75,8.0,1.33,3.6,10.0,1.45,2.35,,,,,,,,,1.975,1.925,-1.25,,,,,
I1,2005-05-29,Lecce,Parma,3,3,D,2,2,D,5.5,2.87,1.66,5.5,3.1,1.65,5.5,3.0,1.73,,,,5.0,2.88,1.73,5.5,2.875,1.667,,,,1.45,2.35,,,,,,,,,1.8,2.1,0.5,,,,,
I1,2005-05-29,Messina,Livorno,1,1,D,0,0,D,2.25,1.9,6.5,2.3,1.9,6.75,2.27,1.9,7.03,2.0,2.0,6.0,,,,,,,,,,,,,,,,,,,,2.125,1.775,-0.25,,,,,
I1,2005-05-29,Palermo,Lazio,3,3,D,1,1,D,,,,3.9,1.45,6.0,3.8,1.4,6.5,,,,,,,,,,,,,,,,,,,,,,,,,,,,,,
I1,2005-05-29,Roma,Chievo,0,0,D,0,0,D,4.33,1.72,3.25,3.7,1.75,3.7,4.18,1.75,3.25,,,,,,,,,,,,,,,,,,,,,,,2.175,1.725,0.0,,,,,
I1,2005-05-29,Siena,Atalanta,2,1,H,1,0,H,1.14,6.5,11.0,1.15,6.75,10.5,1.15,6.5,13.0,1.2,5.0,8.0,,,,,,,,,,,,,,,,,,,,2.125,1.775,-1.5,,,,,
I1,2005-05-29,Udinese,Milan,1,1,D,0,0,D,1.5,3.6,5.5,1.65,3.75,4.15,1.52,3.65,6.02,,,,1.5,3.6,5.5,1.615,3.5,5.0,,,,,,,,,,,,,,1.875,2.025,-0.75,,,,,
